Area,Item / ID,Live binding / source,Implementation,Art,Remaining work / evidence
"Main menu","New Horizons title subtitles (eight available variants)","config/newHorizonsMenuArt.json; config/mainmenu.json; client/render/AssetGenerator.cpp; NH_menu_{complete,ab}_*.png","Provisional","Provisional","UP-064 HoMM3-art reference-based generated subtitle patches; native 800x600 compositions inspected; exact installed payload CRC selects matching variant. Complete and AB main/scenario/loading covered; user accepted available references without separate SoD. No full extracted background is shipped. Build and rendered/playable acceptance pending; original rights retained."
"Main menu","Product version label","config/newHorizonsVersion.json; client/mainmenu/CMainMenu.cpp; tools/update-new-horizons-module.py","Provisional","Provisional","Small native yellow bottom-left label shares product/module version; independent of engine/save/Git identities. NH_VERSIONING.md records checkpoint policy and historical rationale. Build and actual font/placement acceptance pending."
"Spell","Hand of Fate (new-horizons:handOfFate)","config/newHorizonsMagic.json Chaos level 3; Mods/new-horizons/Content/config/spells/newHorizons.json; unrelated Magic Arrow SPELLS/SPELLINT/SPELLBON frame15; C18SPW0/MAGICBLT references","Provisional","Not done","Base spell and expected collateral AI are in source for UP-057; native verification pending. Borrowed unrelated icon frames are not authored provisional art. Purpose-made HoMM3 art and rendered/playable acceptance remain open."
"Spell","Blink (new-horizons:blink)","config/newHorizonsMagic.json Chaos level 1; Mods/new-horizons/Content/config/spells/newHorizons.json; NH_spell_blink_{44,32,30}.png; assets/new-horizons/art-source/blink-v1/; TELPTOUT reference","Provisional","Provisional","Original knight-and-displacement-echo master, exact prompt, provenance, exports and native-size comparison retained. Shared legal-destination runtime and AI are in progress; source hover preview is present. Focused native/build, rendered/playable and final art approval pending."
"Spell","Verdant Prison (new-horizons:verdantPrison)","config/newHorizonsMagic.json Nature level 3; Mods/new-horizons/Content/config/spells/newHorizons.json; NH_spell_verdant_prison_{44,32,30}.png; assets/new-horizons/art-source/verdant-prison-v1/; C18SPW0 and SUMNELM references","Provisional","Provisional","Original root-cage master, exact prompt, provenance and native/enlarged exports retained. Ring geometry, HP/count preview, runtime and AI are in progress; focused native, rendered/playable and final approval pending."
"Spell","Summon Trolls (new-horizons:summonTrolls)","config/newHorizonsMagic.json Nature level 2; Mods/new-horizons/Content/config/spells/newHorizons.json; NH_spell_summon_trolls_{44,32,30}.png; assets/new-horizons/art-source/summon-trolls-v1/; C18SPW0 and SUMNELM references","Provisional","Provisional","Original moss-stone Troll idol master, exact prompt, provenance and native/enlarged mechanical exports retained. Both Linux targets link; ten focused runtime/AI cases, two existing AI guards and targeting source guard pass. Rendered/playable and final art approval pending."
"Spell","Vengeful Vines (new-horizons:vengefulVines)","config/newHorizonsMagic.json Nature level 1; Mods/new-horizons/Content/config/spells/newHorizons.json; NH_spell_vengeful_vines_{44,32,30}.png; assets/new-horizons/art-source/vengeful-vines-v1/; SP02_ and BIND references","Provisional","Provisional","Original winding-vine master, exact prompt, provenance and native/enlarged mechanical exports retained. Full preview/rotation/confirmation uses the existing leather strip. Both Linux targets link; focused native 13/13 and UI wiring guard pass. Rendered/playable and final approval pending."
"Spell","Entangle (new-horizons:entangle)","config/newHorizonsMagic.json Nature level 1; Mods/new-horizons/Content/config/spells/newHorizons.json; NH_spell_entangle_{44,32,30}.png; assets/new-horizons/art-source/entangle-v1/; SP02_ animation and BIND sound by reference","Provisional","Provisional","Original boot-and-roots art has retained master, exact prompt, provenance, mechanical exports and native-size comparison. Both Linux targets link; 17/17 focused native cases and 4/4 status wiring checks pass. Rendered/playable and final art approval remain open."
"Spell","Crusade! (new-horizons:crusade)","config/newHorizonsMagic.json Light level 5; Mods/new-horizons/Content/config/spells/newHorizons.json; original Prayer frames SPELLS/SPELLSCR/SPELLBON:48 and SPELLINT:49; C10SPW animation and PRAYER sound by reference","Provisional","Provisional","Related army-Prayer reference assets support the working spell without copying purchaser pixels. Active status reads actual applied values. Native rendering and user-final approval remain open; this is reference reuse, not newly authored art."
"Spell","Purify (new-horizons:purify)","config/newHorizonsMagic.json Light level 4 roster; Mods/new-horizons/Content/config/spells/newHorizons.json; NH_spell_purify_{44,32,30}.png book/scroll/scenario/effect; assets/new-horizons/art-source/purify-v1/","Provisional","Provisional","Purpose-made cleansing-censer icon has retained master, prompt, provenance and 44×44/32×32/30×30 reductions. Native-size comparison and content registration inspected; focused server/AI tests pass 10/10. In-game rendering and user-final art approval remain open."
"Spell","Divine Retribution (new-horizons:divineRetribution)","config/newHorizonsMagic.json Light level 4 roster; Mods/new-horizons/Content/config/spells/newHorizons.json; NH_spell_divine_retribution_{44,32,30}.png book/scroll/scenario/effect; assets/new-horizons/art-source/divine-retribution-v1/","Provisional","Provisional","Original purpose-made judgment-scales icon has retained master, exact prompt, provenance and 44×44/32×32/30×30 reductions. Native-size comparison inspected and source binding defined. Native mechanic/AI tests, in-game rendering and user-final art approval remain open."
"Spell","Heavenly Gale (new-horizons:heavenlyGale)","config/newHorizonsMagic.json Light level 3 roster; Mods/new-horizons/Content/config/spells/newHorizons.json; NH_spell_heavenly_gale_{44,32,30}.png book/scroll/scenario/effect; assets/new-horizons/art-source/heavenly-gale-v1/","Provisional","Provisional","Original purpose-made shield-and-gale icon has retained master, exact prompts, provenance and 44×44/32×32/30×30 reductions. Native-size comparison was inspected; source binding/content validation pass. In-game rendering, mechanic/AI native evidence and user-final art approval remain open."
"Spell","Spell Lock (new-horizons:spellLock)","config/newHorizonsMagic.json Sorcery level 5 roster; Mods/new-horizons/Content/config/spells/newHorizons.json; SPELLS.def:0:15; SPELLSCR.def:0:15; SPELLINT.def:0:16; SPELLBON.def:0:15","Provisional","Not done","The spell has a registered definition and active-profile native consumer tests, but its book/scroll/bonus icons borrow unrelated Magic Arrow frames. Purpose-made HoMM3 art, rendered interaction, and playable verification remain open."
"Spell","Holy Wrath (new-horizons:holyWrath)","config/newHorizonsMagic.json Light level 3 roster; Mods/new-horizons/Content/config/spells/newHorizons.json; NH_holyWrath_44.png book/scroll; NH_holyWrath_30.png effect/immune; SPELLBON.def:0:15 scenario bonus; assets/new-horizons/art-source/holy-wrath-v1/generation.md","Provisional","Provisional","Original purpose-made icon from the HoMM3 art workflow is source-bound at book and battle sizes; scenario-bonus frame is an unrelated placeholder and remains Not done as a separate role. Authoritative casting is in source, but AI-choice, saved-game, graphical and playable acceptance are not yet complete; artwork has no user-final approval."
"Spell","Holy Armor (new-horizons:holyArmor)","config/newHorizonsMagic.json Light level 2 roster; Mods/new-horizons/Content/config/spells/newHorizons.json; NH_spell_holy_armor_44.png book/scroll; NH_spell_holy_armor_32.png scenario; NH_spell_holy_armor_30.png effect/immune; assets/new-horizons/art-source/holy-armor-v1/exports/master.png","Provisional","Provisional","Purpose-made icon family is source-bound and the authoritative cast, independent Magical Damage Reduction, and visible-creature AI path pass focused native tests. Native rendering, lifecycle/save interaction, and user-final art approval remain open."
"Spell","Guardian Spirit (new-horizons:guardianSpirit)","config/newHorizonsMagic.json Light level 2 roster; Mods/new-horizons/Content/config/spells/newHorizons.json; assets/new-horizons/art-source/guardian-spirit-v1/guardian-spirit-manifest.json; NH_spell_guardian_spirit_{44,32,30}.png bound book/scroll/scenario/effect roles","Provisional","Provisional","Original purpose-made icon has 44×44, 32×32 and 30×30 exports with retained prompt, master and provenance. Runtime-named copies are bound to the spell definition; native rendering and user-final art approval remain open."
"Spell","Storm of Daggers (new-horizons:stormOfDaggers)","config/newHorizonsMagic.json Sorcery level 2 roster; Mods/new-horizons/Content/config/spells/newHorizons.json; NH_stormOfDaggers_44.png book/scroll; NH_stormOfDaggers_32.png scenario bonus; NH_stormOfDaggers_30.png effect/immune; NH_stormOfDaggersImpact affect animation; assets/new-horizons/art-source/storm-of-daggers-v1/storm-of-daggers-art-manifest.json","Provisional","Provisional","Original icon family and four-frame per-target dagger impact are source-bound and export-validated. Optional cast cue exists but is not bound; MAGICBLT cast sound is provisional. Native-rendered timing, gameplay acceptance and user-final art approval remain pending."
"Spell","Regeneration (new-horizons:regeneration)","config/newHorizonsMagic.json Nature level 1 roster; Mods/new-horizons/Content/config/spells/newHorizons.json; NH_regeneration_44.png book/scroll; NH_regeneration_30.png effect/immune; assets/new-horizons/art-source/regeneration-v1/provenance.md","Provisional","Provisional","Purpose-made healing-branch icon is source-bound at book and battle sizes; the 32×32 export is retained. Authoritative, AI, and saved-state paths pass focused active-profile tests and the Linux client links; native rendering and user-final art approval remain open."
"Spell","Nature Poison (new-horizons:poison)","config/newHorizonsMagic.json Nature level 2 roster in saved v3; Mods/new-horizons/Content/config/spells/newHorizons.json; NH_nature_poison_44.png book; NH_nature_poison_32.png scroll/scenario; NH_nature_poison_30.png effect/immune; assets/new-horizons/art-source/nature-poison-v1/PROVENANCE.md","Provisional","Provisional","Purpose-made physical-Poison hero-spell icon is source-bound without replacing the older core:poison creature-ability icon. Native game rendering and user-final approval remain open."
"Spell","Hex of Pain (new-horizons:hexOfPain)","config/newHorizonsMagic.json Shadow level 2 roster; Mods/new-horizons/Content/config/spells/newHorizons.json; NH_hex_of_pain_44.png book; NH_hex_of_pain_32.png scroll/scenario; NH_hex_of_pain_30.png effect/immune; assets/new-horizons/art-source/hex-of-pain-v1/","Provisional","Provisional","Original cracked-heart and iron-thorn icon is source-bound at book, scroll, scenario, effect, and immunity sizes. Focused authoritative/AI tests pass; native in-game rendering, exact visual fit, and user-final approval remain open."
"Spell","Frailty (new-horizons:frailty)","config/newHorizonsMagic.json Shadow level 2 roster; Mods/new-horizons/Content/config/spells/newHorizons.json; NH_frailty_44.png book/scroll; NH_frailty_32.png scenario; NH_frailty_30.png effect/immune; assets/new-horizons/art-source/frailty-v1/","Provisional","Provisional","Original cracked-shield curse icon is source-bound at all five spell roles. Focused authoritative/AI tests pass; native in-game rendering, saved-battle continuation, and user-final approval remain open."
"Spell","Plague (new-horizons:plague)","Mods/new-horizons/Content/config/spells/newHorizons.json; NH_plague_44.png book, NH_plague_32.png scroll/scenario, NH_plague_30.png effect/immune; assets/new-horizons/art-source/plague-v1/","Provisional","Provisional","Purpose-made black-iron reliquary icon has source master, prompt, and three native-size exports bound to spell graphics. Six focused authoritative and one AI test pass in the active profile; in-game rendering, saved-battle continuation, playable acceptance, and user-final art approval remain open."
"Spell","Soul Reaper (new-horizons:soulReaper)","config/newHorizonsMagic.json Shadow level 5 roster; Mods/new-horizons/Content/config/spells/newHorizons.json; NH_spell_soul_reaper_44.png book; NH_spell_soul_reaper_32.png scroll/scenario bonus; NH_spell_soul_reaper_30.png effect/immune; assets/new-horizons/art-source/soul-reaper-v1/","Provisional","Provisional","Original purpose-made hook-and-soul icon family is source-bound at book, scroll, scenario, effect, and immunity roles. The written art specification calls the scenario-bonus icon 58×64 but current binding uses 32×32; actual consumer-size reconciliation is deferred and does not block the binding. Native in-game rendering and user-final art approval remain open."
"Spell","Doom (new-horizons:doom)","config/newHorizonsMagic.json Shadow level 5 roster; Mods/new-horizons/Content/config/spells/newHorizons.json; NH_spell_doom_44.png book, NH_spell_doom_32.png scroll/scenario, NH_spell_doom_30.png effect/immune; assets/new-horizons/art-source/doom-v1/","Provisional","Provisional","Purpose-made Shadow compound-curse icon generated through the HoMM3 art workflow; prompt, provenance, 1254×1254 master, export manifest, comparison, and 44×44/32×32/30×30 reductions are retained. Native in-game rendering and user-final approval remain open."
"Spell","Focus Magic (new-horizons:focusMagic)","config/newHorizonsMagic.json Sorcery level 3 roster; Mods/new-horizons/Content/config/spells/newHorizons.json; SPELLS.def:0:15; SPELLSCR.def:0:15; SPELLINT.def:0:16; SPELLBON.def:0:15","Provisional","Not done","Live at 11 Spell Points with authoritative casting, per-target Arcane Breach marks, damage interaction, AI handling, and stack status feedback. Native/content tests pass, but playable and graphical acceptance remain pending. Borrowed Magic Arrow frames are placeholders; purpose-made replacement must use the HoMM3 art skill."
"Spell status","Arcane Breach (new-horizons:arcaneBreach)","Mods/new-horizons/Content/config/spells/newHorizons.json; client/battle/StackInfoBasicPanel.cpp; client/windows/CCreatureWindow.cpp; SPELLS.def:0:15; SPELLSCR.def:0:15; SPELLINT.def:0:16; SPELLBON.def:0:15","Provisional","Not done","Internal non-castable negative status used by Focus Magic. Current stack panels expose mark count, remaining duration, captured beneficiary and penetration. Native/graphical acceptance remains pending; borrowed frames are placeholders and need purpose-made HoMM3 art."
"Spell status","Physical Poison (Toxic Spines)","lib/battle/CUnitState.h; client/battle/StackInfoBasicPanel.cpp; client/battle/StackInfoStatusPresentation.h; classic SPELLINT Poison frame","Provisional","Provisional","The battle stack panel shows remaining real activations and authoritative next physical-damage tick and refreshes on state change. Linux client, focused native UI test, 11/11 source guard and independent source review pass. Classic icon reuse is a provisional status treatment, not purpose-made Toxic Spines perk art; native-resolution overflow and playable acceptance remain pending."
"UI surface","Learned-skill perk browser","client/windows/NewHorizonsPerkBrowser.cpp; client/windows/CHeroWindow.cpp; saved perk registry","Provisional","Provisional","Read-only grouped names/icons and learned/implementation status; right-click shared help with parent skill. Native build and source guard pass; rendered layout and interaction acceptance pending. Existing per-perk art classifications still apply; neutral fallback is not finished art."
"UI surface","Split/transfer dialog owner indicators","client/windows/GUIClasses.cpp; client/render/AssetGenerator.cpp; client/widgets/CGarrisonInt.cpp; client/windows/CHeroWindow.cpp; GPUCRDIV; PortraitsLarge; CREST58","Provisional","Final","Built-in hero portraits and player crests sit below both creature panels. Missing/ambiguous markers use a measured single-line abbreviation; full owner text is available in status-bar hover and a right-click popup. A player-colored 298×440 frame is composed at runtime from the installed GPUCRDIV top, side rails and ornate lower edge, extending the leather panel so all controls fit; the enlarged window auto-centers. Original UI assets are referenced in place and no art is copied. The supplied mock guided source placement; rendered game-scale and interaction acceptance remain pending."
"Skill","Offense (new-horizons:offense)","Mods/new-horizons/mod.json skills.offense.images — basic small=SECSK32:0:69; medium=SECSKILL:0:69; large=SECSK82:0:69; scenarioBonus=SECSKILL:0:69; advanced small=SECSK32:0:70; medium=SECSKILL:0:70; large=SECSK82:0:70; scenarioBonus=SECSKILL:0:70; expert small=SECSK32:0:71; medium=SECSKILL:0:71; large=SECSK82:0:71; scenarioBonus=SECSKILL:0:71","Provisional","Final","Matching classic rank images are retained by exact skill identity under the user-authorized reuse policy; UI layout review remains."
"Skill","Armorer (new-horizons:armorer)","Mods/new-horizons/mod.json skills.armorer.images — basic small=SECSK32:0:72; medium=SECSKILL:0:72; large=SECSK82:0:72; scenarioBonus=SECSKILL:0:72; advanced small=SECSK32:0:73; medium=SECSKILL:0:73; large=SECSK82:0:73; scenarioBonus=SECSKILL:0:73; expert small=SECSK32:0:74; medium=SECSKILL:0:74; large=SECSK82:0:74; scenarioBonus=SECSKILL:0:74","Provisional","Final","Matching classic rank images are retained by exact skill identity under the user-authorized reuse policy; UI layout review remains."
"Skill","Archery (new-horizons:archery)","Mods/new-horizons/mod.json skills.archery.images — basic small=SECSK32:0:6; medium=SECSKILL:0:6; large=SECSK82:0:6; scenarioBonus=SECSKILL:0:6; advanced small=SECSK32:0:7; medium=SECSKILL:0:7; large=SECSK82:0:7; scenarioBonus=SECSKILL:0:7; expert small=SECSK32:0:8; medium=SECSKILL:0:8; large=SECSK82:0:8; scenarioBonus=SECSKILL:0:8","Provisional","Final","Matching classic rank images are retained by exact skill identity under the user-authorized reuse policy; UI layout review remains."
"Skill","Battlecraft (new-horizons:battlecraft)","Mods/new-horizons/mod.json skills.battlecraft.images — basic small=NH_battlecraft_basic_small.png; medium=NH_battlecraft_basic_medium.png; large=NH_battlecraft_basic_large.png; scenarioBonus=NH_battlecraft_basic_scenarioBonus.png; advanced small=NH_battlecraft_advanced_small.png; medium=NH_battlecraft_advanced_medium.png; large=NH_battlecraft_advanced_large.png; scenarioBonus=NH_battlecraft_advanced_scenarioBonus.png; expert small=NH_battlecraft_expert_small.png; medium=NH_battlecraft_expert_medium.png; large=NH_battlecraft_expert_large.png; scenarioBonus=NH_battlecraft_expert_scenarioBonus.png","Provisional","Provisional","Rank/size outputs are bound; user-final approval and native in-game rank grid review are not recorded."
"Skill","War Machines (new-horizons:warMachines)","Mods/new-horizons/mod.json skills.warMachines.images — basic small=SECSK32:0:33; medium=SECSKILL:0:33; large=SECSK82:0:33; scenarioBonus=SECSKILL:0:33; advanced small=SECSK32:0:34; medium=SECSKILL:0:34; large=SECSK82:0:34; scenarioBonus=SECSKILL:0:34; expert small=SECSK32:0:35; medium=SECSKILL:0:35; large=SECSK82:0:35; scenarioBonus=SECSKILL:0:35","Provisional","Provisional","Classic rank art is borrowed for a renamed/reworked New Horizons skill; semantic fit and user visual approval are not established. Review or replace the binding."
"Skill","Discipline (new-horizons:discipline)","Mods/new-horizons/mod.json skills.discipline.images — basic small=SECSK32:0:21; medium=SECSKILL:0:21; large=SECSK82:0:21; scenarioBonus=SECSKILL:0:21; advanced small=SECSK32:0:22; medium=SECSKILL:0:22; large=SECSK82:0:22; scenarioBonus=SECSKILL:0:22; expert small=SECSK32:0:23; medium=SECSKILL:0:23; large=SECSK82:0:23; scenarioBonus=SECSKILL:0:23","Provisional","Provisional","Classic rank art is borrowed for a renamed/reworked New Horizons skill; semantic fit and user visual approval are not established. Review or replace the binding."
"Skill","Recruitment (new-horizons:recruitment)","Mods/new-horizons/mod.json skills.recruitment.images — basic small=NH_recruitment_basic_small.png; medium=NH_recruitment_basic_medium.png; large=NH_recruitment_basic_large.png; scenarioBonus=NH_recruitment_basic_scenarioBonus.png; advanced small=NH_recruitment_advanced_small.png; medium=NH_recruitment_advanced_medium.png; large=NH_recruitment_advanced_large.png; scenarioBonus=NH_recruitment_advanced_scenarioBonus.png; expert small=NH_recruitment_expert_small.png; medium=NH_recruitment_expert_medium.png; large=NH_recruitment_expert_large.png; scenarioBonus=NH_recruitment_expert_scenarioBonus.png","Provisional","Provisional","Rank/size outputs are bound; user-final approval and native in-game rank grid review are not recorded."
"Skill","Command (new-horizons:command)","Mods/new-horizons/mod.json skills.command.images — basic small=SECSK32:0:60; medium=SECSKILL:0:60; large=SECSK82:0:60; scenarioBonus=SECSKILL:0:60; advanced small=SECSK32:0:61; medium=SECSKILL:0:61; large=SECSK82:0:61; scenarioBonus=SECSKILL:0:61; expert small=SECSK32:0:62; medium=SECSKILL:0:62; large=SECSK82:0:62; scenarioBonus=SECSKILL:0:62","Provisional","Provisional","Classic rank art is borrowed for a renamed/reworked New Horizons skill; semantic fit and user visual approval are not established. Review or replace the binding."
"Skill","Light Magic (new-horizons:lightMagic)","Mods/new-horizons/mod.json skills.lightMagic.images — basic small=NH_lightMagic_basic_small.png; medium=NH_lightMagic_basic_medium.png; large=NH_lightMagic_basic_large.png; scenarioBonus=NH_lightMagic_basic_scenarioBonus.png; advanced small=NH_lightMagic_advanced_small.png; medium=NH_lightMagic_advanced_medium.png; large=NH_lightMagic_advanced_large.png; scenarioBonus=NH_lightMagic_advanced_scenarioBonus.png; expert small=NH_lightMagic_expert_small.png; medium=NH_lightMagic_expert_medium.png; large=NH_lightMagic_expert_large.png; scenarioBonus=NH_lightMagic_expert_scenarioBonus.png","Provisional","Provisional","Rank/size outputs are bound; user-final approval and native in-game rank grid review are not recorded."
"Skill","Shadow Magic (new-horizons:shadowMagic)","Mods/new-horizons/mod.json skills.shadowMagic.images — basic small=NH_shadowMagic_basic_small.png; medium=NH_shadowMagic_basic_medium.png; large=NH_shadowMagic_basic_large.png; scenarioBonus=NH_shadowMagic_basic_scenarioBonus.png; advanced small=NH_shadowMagic_advanced_small.png; medium=NH_shadowMagic_advanced_medium.png; large=NH_shadowMagic_advanced_large.png; scenarioBonus=NH_shadowMagic_advanced_scenarioBonus.png; expert small=NH_shadowMagic_expert_small.png; medium=NH_shadowMagic_expert_medium.png; large=NH_shadowMagic_expert_large.png; scenarioBonus=NH_shadowMagic_expert_scenarioBonus.png","Provisional","Provisional","Rank/size outputs are bound; user-final approval and native in-game rank grid review are not recorded."
"Skill","Nature Magic (new-horizons:natureMagic)","Mods/new-horizons/mod.json skills.natureMagic.images — basic small=NH_natureMagic_basic_small.png; medium=NH_natureMagic_basic_medium.png; large=NH_natureMagic_basic_large.png; scenarioBonus=NH_natureMagic_basic_scenarioBonus.png; advanced small=NH_natureMagic_advanced_small.png; medium=NH_natureMagic_advanced_medium.png; large=NH_natureMagic_advanced_large.png; scenarioBonus=NH_natureMagic_advanced_scenarioBonus.png; expert small=NH_natureMagic_expert_small.png; medium=NH_natureMagic_expert_medium.png; large=NH_natureMagic_expert_large.png; scenarioBonus=NH_natureMagic_expert_scenarioBonus.png","Provisional","Provisional","Rank/size outputs are bound; user-final approval and native in-game rank grid review are not recorded."
"Skill","Havoc Magic (new-horizons:havocMagic)","Mods/new-horizons/mod.json skills.havocMagic.images — basic small=NH_havocMagic_basic_small.png; medium=NH_havocMagic_basic_medium.png; large=NH_havocMagic_basic_large.png; scenarioBonus=NH_havocMagic_basic_scenarioBonus.png; advanced small=NH_havocMagic_advanced_small.png; medium=NH_havocMagic_advanced_medium.png; large=NH_havocMagic_advanced_large.png; scenarioBonus=NH_havocMagic_advanced_scenarioBonus.png; expert small=NH_havocMagic_expert_small.png; medium=NH_havocMagic_expert_medium.png; large=NH_havocMagic_expert_large.png; scenarioBonus=NH_havocMagic_expert_scenarioBonus.png","Provisional","Provisional","Rank/size outputs are bound; user-final approval and native in-game rank grid review are not recorded."
"Skill","Sorcery Magic (new-horizons:sorceryMagic)","Mods/new-horizons/mod.json skills.sorceryMagic.images — basic small=NH_sorceryMagic_basic_small.png; medium=NH_sorceryMagic_basic_medium.png; large=NH_sorceryMagic_basic_large.png; scenarioBonus=NH_sorceryMagic_basic_scenarioBonus.png; advanced small=NH_sorceryMagic_advanced_small.png; medium=NH_sorceryMagic_advanced_medium.png; large=NH_sorceryMagic_advanced_large.png; scenarioBonus=NH_sorceryMagic_advanced_scenarioBonus.png; expert small=NH_sorceryMagic_expert_small.png; medium=NH_sorceryMagic_expert_medium.png; large=NH_sorceryMagic_expert_large.png; scenarioBonus=NH_sorceryMagic_expert_scenarioBonus.png","Provisional","Provisional","Rank/size outputs are bound; user-final approval and native in-game rank grid review are not recorded."
"Skill","Chaos Magic (new-horizons:chaosMagic)","Mods/new-horizons/mod.json skills.chaosMagic.images — basic small=NH_chaosMagic_basic_small.png; medium=NH_chaosMagic_basic_medium.png; large=NH_chaosMagic_basic_large.png; scenarioBonus=NH_chaosMagic_basic_scenarioBonus.png; advanced small=NH_chaosMagic_advanced_small.png; medium=NH_chaosMagic_advanced_medium.png; large=NH_chaosMagic_advanced_large.png; scenarioBonus=NH_chaosMagic_advanced_scenarioBonus.png; expert small=NH_chaosMagic_expert_small.png; medium=NH_chaosMagic_expert_medium.png; large=NH_chaosMagic_expert_large.png; scenarioBonus=NH_chaosMagic_expert_scenarioBonus.png","Provisional","Provisional","Rank/size outputs are bound; user-final approval and native in-game rank grid review are not recorded."
"Skill","Spellcraft (new-horizons:spellcraft)","Mods/new-horizons/mod.json skills.spellcraft.images — basic small=SECSK32:0:78; medium=SECSKILL:0:78; large=SECSK82:0:78; scenarioBonus=SECSKILL:0:78; advanced small=SECSK32:0:79; medium=SECSKILL:0:79; large=SECSK82:0:79; scenarioBonus=SECSKILL:0:79; expert small=SECSK32:0:80; medium=SECSKILL:0:80; large=SECSK82:0:80; scenarioBonus=SECSKILL:0:80","Provisional","Provisional","Classic rank art is borrowed for a renamed/reworked New Horizons skill; semantic fit and user visual approval are not established. Review or replace the binding."
"Skill","Wisdom (new-horizons:wisdom)","Mods/new-horizons/mod.json skills.wisdom.images — basic small=SECSK32:0:24; medium=SECSKILL:0:24; large=SECSK82:0:24; scenarioBonus=SECSKILL:0:24; advanced small=SECSK32:0:25; medium=SECSKILL:0:25; large=SECSK82:0:25; scenarioBonus=SECSKILL:0:25; expert small=SECSK32:0:26; medium=SECSKILL:0:26; large=SECSK82:0:26; scenarioBonus=SECSKILL:0:26","Provisional","Final","Matching classic rank images are retained by exact skill identity under the user-authorized reuse policy; UI layout review remains."
"Skill","Warcasting (new-horizons:warcasting)","Mods/new-horizons/mod.json skills.warcasting.images — basic small=NH_warcasting_basic_small.png; medium=NH_warcasting_basic_medium.png; large=NH_warcasting_basic_large.png; scenarioBonus=NH_warcasting_basic_scenarioBonus.png; advanced small=NH_warcasting_advanced_small.png; medium=NH_warcasting_advanced_medium.png; large=NH_warcasting_advanced_large.png; scenarioBonus=NH_warcasting_advanced_scenarioBonus.png; expert small=NH_warcasting_expert_small.png; medium=NH_warcasting_expert_medium.png; large=NH_warcasting_expert_large.png; scenarioBonus=NH_warcasting_expert_scenarioBonus.png","Provisional","Provisional","Rank/size outputs are bound; user-final approval and native in-game rank grid review are not recorded."
"Skill","Logistics (new-horizons:logistics)","Mods/new-horizons/mod.json skills.logistics.images — basic small=SECSK32:0:9; medium=SECSKILL:0:9; large=SECSK82:0:9; scenarioBonus=SECSKILL:0:9; advanced small=SECSK32:0:10; medium=SECSKILL:0:10; large=SECSK82:0:10; scenarioBonus=SECSKILL:0:10; expert small=SECSK32:0:11; medium=SECSKILL:0:11; large=SECSK82:0:11; scenarioBonus=SECSKILL:0:11","Provisional","Final","Matching classic rank images are retained by exact skill identity under the user-authorized reuse policy; UI layout review remains."
"Skill","Diplomacy (new-horizons:diplomacy)","Mods/new-horizons/mod.json skills.diplomacy.images — basic small=SECSK32:0:15; medium=SECSKILL:0:15; large=SECSK82:0:15; scenarioBonus=SECSKILL:0:15; advanced small=SECSK32:0:16; medium=SECSKILL:0:16; large=SECSK82:0:16; scenarioBonus=SECSKILL:0:16; expert small=SECSK32:0:17; medium=SECSKILL:0:17; large=SECSK82:0:17; scenarioBonus=SECSKILL:0:17","Provisional","Final","Matching classic rank images are retained by exact skill identity under the user-authorized reuse policy; UI layout review remains."
"Skill","Estates (new-horizons:estates)","Mods/new-horizons/mod.json skills.estates.images — basic small=SECSK32:0:42; medium=SECSKILL:0:42; large=SECSK82:0:42; scenarioBonus=SECSKILL:0:42; advanced small=SECSK32:0:43; medium=SECSKILL:0:43; large=SECSK82:0:43; scenarioBonus=SECSKILL:0:43; expert small=SECSK32:0:44; medium=SECSKILL:0:44; large=SECSK82:0:44; scenarioBonus=SECSKILL:0:44","Provisional","Final","Matching classic rank images are retained by exact skill identity under the user-authorized reuse policy; UI layout review remains."
"Skill","Learning (new-horizons:learning)","Mods/new-horizons/mod.json skills.learning.images — basic small=SECSK32:0:66; medium=SECSKILL:0:66; large=SECSK82:0:66; scenarioBonus=SECSKILL:0:66; advanced small=SECSK32:0:67; medium=SECSKILL:0:67; large=SECSK82:0:67; scenarioBonus=SECSKILL:0:67; expert small=SECSK32:0:68; medium=SECSKILL:0:68; large=SECSK82:0:68; scenarioBonus=SECSKILL:0:68","Provisional","Final","Matching classic rank images are retained by exact skill identity under the user-authorized reuse policy; UI layout review remains."
"Skill","Luck (new-horizons:luck)","Mods/new-horizons/mod.json skills.luck.images — basic small=SECSK32:0:30; medium=SECSKILL:0:30; large=SECSK82:0:30; scenarioBonus=SECSKILL:0:30; advanced small=SECSK32:0:31; medium=SECSKILL:0:31; large=SECSK82:0:31; scenarioBonus=SECSKILL:0:31; expert small=SECSK32:0:32; medium=SECSKILL:0:32; large=SECSK82:0:32; scenarioBonus=SECSKILL:0:32","Provisional","Final","Matching classic rank images are retained by exact skill identity under the user-authorized reuse policy; UI layout review remains."
"Skill","Divine Mandate (new-horizons:divineMandate)","Mods/new-horizons/mod.json skills.divineMandate.images — basic small=NH_divineMandate_basic_small.png; medium=NH_divineMandate_basic_medium.png; large=NH_divineMandate_basic_large.png; scenarioBonus=NH_divineMandate_basic_scenarioBonus.png; advanced small=NH_divineMandate_advanced_small.png; medium=NH_divineMandate_advanced_medium.png; large=NH_divineMandate_advanced_large.png; scenarioBonus=NH_divineMandate_advanced_scenarioBonus.png; expert small=NH_divineMandate_expert_small.png; medium=NH_divineMandate_expert_medium.png; large=NH_divineMandate_expert_large.png; scenarioBonus=NH_divineMandate_expert_scenarioBonus.png","Provisional","Provisional","Rank/size outputs are bound; user-final approval and native in-game rank grid review are not recorded."
"Skill","Sylvan Luck (new-horizons:sylvanLuck)","Mods/new-horizons/mod.json skills.sylvanLuck.images — basic small=NH_sylvanLuck_basic_small.png; medium=NH_sylvanLuck_basic_medium.png; large=NH_sylvanLuck_basic_large.png; scenarioBonus=NH_sylvanLuck_basic_scenarioBonus.png; advanced small=NH_sylvanLuck_advanced_small.png; medium=NH_sylvanLuck_advanced_medium.png; large=NH_sylvanLuck_advanced_large.png; scenarioBonus=NH_sylvanLuck_advanced_scenarioBonus.png; expert small=NH_sylvanLuck_expert_small.png; medium=NH_sylvanLuck_expert_medium.png; large=NH_sylvanLuck_expert_large.png; scenarioBonus=NH_sylvanLuck_expert_scenarioBonus.png","Provisional","Provisional","Rank/size outputs are bound; user-final approval and native in-game rank grid review are not recorded."
"Skill","Metamagic (new-horizons:metamagic)","config/newHorizonsSkills.json and Mods/new-horizons/mod.json: NH_metamagic_prism_<basic|advanced|expert>_<small|medium|large|scenarioBonus>.png; art-source/metamagic-prisms-v2/manifest.json","Provisional","Provisional","Three distinct HoMM3-skill prism paintings; Expert opaque leather repaired. Twelve native slots bound with aspect-preserving padding for rectangular slots. Basic slight original translucency disclosed. User-final approval and in-game grid review remain pending."
"Skill","Shroud of Malassa (new-horizons:shroudOfMalassa)","Mods/new-horizons/mod.json skills.shroudOfMalassa.images — basic small=NH_shroudOfMalassa_basic_small.png; medium=NH_shroudOfMalassa_basic_medium.png; large=NH_shroudOfMalassa_basic_large.png; scenarioBonus=NH_shroudOfMalassa_basic_scenarioBonus.png; advanced small=NH_shroudOfMalassa_advanced_small.png; medium=NH_shroudOfMalassa_advanced_medium.png; large=NH_shroudOfMalassa_advanced_large.png; scenarioBonus=NH_shroudOfMalassa_advanced_scenarioBonus.png; expert small=NH_shroudOfMalassa_expert_small.png; medium=NH_shroudOfMalassa_expert_medium.png; large=NH_shroudOfMalassa_expert_large.png; scenarioBonus=NH_shroudOfMalassa_expert_scenarioBonus.png","Provisional","Provisional","Rank/size outputs are bound; user-final approval and native in-game rank grid review are not recorded."
"Skill","Demonic Gating (new-horizons:demonicGating)","Mods/new-horizons/mod.json skills.demonicGating.images — basic small=NH_demonicGating_basic_small.png; medium=NH_demonicGating_basic_medium.png; large=NH_demonicGating_basic_large.png; scenarioBonus=NH_demonicGating_basic_scenarioBonus.png; advanced small=NH_demonicGating_advanced_small.png; medium=NH_demonicGating_advanced_medium.png; large=NH_demonicGating_advanced_large.png; scenarioBonus=NH_demonicGating_advanced_scenarioBonus.png; expert small=NH_demonicGating_expert_small.png; medium=NH_demonicGating_expert_medium.png; large=NH_demonicGating_expert_large.png; scenarioBonus=NH_demonicGating_expert_scenarioBonus.png","Provisional","Provisional","Rank/size outputs are bound; user-final approval and native in-game rank grid review are not recorded."
"Skill","Necromancy (new-horizons:necromancy)","Mods/new-horizons/mod.json skills.necromancy.images — basic small=SECSK32:0:39; medium=SECSKILL:0:39; large=SECSK82:0:39; scenarioBonus=SECSKILL:0:39; advanced small=SECSK32:0:40; medium=SECSKILL:0:40; large=SECSK82:0:40; scenarioBonus=SECSKILL:0:40; expert small=SECSK32:0:41; medium=SECSKILL:0:41; large=SECSK82:0:41; scenarioBonus=SECSKILL:0:41","Provisional","Final","Matching classic rank images are retained by exact skill identity under the user-authorized reuse policy; UI layout review remains."
"Skill","Bloodrage (new-horizons:bloodrage)","Mods/new-horizons/mod.json skills.bloodrage.images — basic small=NH_bloodrage_basic_small.png; medium=NH_bloodrage_basic_medium.png; large=NH_bloodrage_basic_large.png; scenarioBonus=NH_bloodrage_basic_scenarioBonus.png; advanced small=NH_bloodrage_advanced_small.png; medium=NH_bloodrage_advanced_medium.png; large=NH_bloodrage_advanced_large.png; scenarioBonus=NH_bloodrage_advanced_scenarioBonus.png; expert small=NH_bloodrage_expert_small.png; medium=NH_bloodrage_expert_medium.png; large=NH_bloodrage_expert_large.png; scenarioBonus=NH_bloodrage_expert_scenarioBonus.png","Provisional","Provisional","Rank/size outputs are bound; user-final approval and native in-game rank grid review are not recorded."
"Skill","Bulwark of the Mire (new-horizons:bulwarkOfTheMire)","Mods/new-horizons/mod.json skills.bulwarkOfTheMire.images — basic small=NH_bulwarkOfTheMire_basic_small.png; medium=NH_bulwarkOfTheMire_basic_medium.png; large=NH_bulwarkOfTheMire_basic_large.png; scenarioBonus=NH_bulwarkOfTheMire_basic_scenarioBonus.png; advanced small=NH_bulwarkOfTheMire_advanced_small.png; medium=NH_bulwarkOfTheMire_advanced_medium.png; large=NH_bulwarkOfTheMire_advanced_large.png; scenarioBonus=NH_bulwarkOfTheMire_advanced_scenarioBonus.png; expert small=NH_bulwarkOfTheMire_expert_small.png; medium=NH_bulwarkOfTheMire_expert_medium.png; large=NH_bulwarkOfTheMire_expert_large.png; scenarioBonus=NH_bulwarkOfTheMire_expert_scenarioBonus.png","Provisional","Provisional","Rank/size outputs are bound; user-final approval and native in-game rank grid review are not recorded."
"Skill","Elemental Rebirth (new-horizons:elementalRebirth)","Mods/new-horizons/mod.json skills.elementalRebirth.images — basic small=NH_elementalRebirth_basic_small.png; medium=NH_elementalRebirth_basic_medium.png; large=NH_elementalRebirth_basic_large.png; scenarioBonus=NH_elementalRebirth_basic_scenarioBonus.png; advanced small=NH_elementalRebirth_advanced_small.png; medium=NH_elementalRebirth_advanced_medium.png; large=NH_elementalRebirth_advanced_large.png; scenarioBonus=NH_elementalRebirth_advanced_scenarioBonus.png; expert small=NH_elementalRebirth_expert_small.png; medium=NH_elementalRebirth_expert_medium.png; large=NH_elementalRebirth_expert_large.png; scenarioBonus=NH_elementalRebirth_expert_scenarioBonus.png","Provisional","Provisional","Rank/size outputs are bound; user-final approval and native in-game rank grid review are not recorded."
"Active perk","Shock Assault (new-horizons:offense.shockAssault)","NH_perk_shock_assault; client/windows/NewHorizonsPerkIcons.h; four-state descriptor NH_perk_shock_assault.json","Provisional","Provisional","Distinct icon family is bound; user-final visual approval and in-game choice/hero-screen review are not recorded."
"Active perk","Executioner (new-horizons:offense.executioner)","NH_perk_executioner; client/windows/NewHorizonsPerkIcons.h; four-state descriptor NH_perk_executioner.json","Provisional","Provisional","Distinct icon family is bound; user-final visual approval and in-game choice/hero-screen review are not recorded."
"Active perk","Armor Piercer (new-horizons:offense.armorPiercer)","NH_perk_armor_piercer; client/windows/NewHorizonsPerkIcons.h; four-state descriptor NH_perk_armor_piercer.json","Provisional","Provisional","Distinct icon family is bound; user-final visual approval and in-game choice/hero-screen review are not recorded."
"Active perk","Breakthrough (new-horizons:offense.breakthrough)","NH_perk_breakthrough; client/windows/NewHorizonsPerkIcons.h; four-state descriptor NH_perk_breakthrough.json","Provisional","Provisional","Distinct icon family is bound; user-final visual approval and in-game choice/hero-screen review are not recorded."
"Active perk","Entrench (new-horizons:battlecraft.entrench)","NH_perk_entrench; client/windows/NewHorizonsPerkIcons.h; four-state descriptor NH_perk_entrench.json","Provisional","Provisional","Distinct icon family is bound; user-final visual approval and in-game choice/hero-screen review are not recorded."
"Active perk","Inspirational Leader (new-horizons:discipline.inspirationalLeader)","NH_perk_inspirational_leader; client/windows/NewHorizonsPerkIcons.h; four-state descriptor NH_perk_inspirational_leader.json","Provisional","Provisional","Distinct icon family is bound; user-final visual approval and in-game choice/hero-screen review are not recorded."
"Active perk","Volunteer Network (new-horizons:recruitment.volunteerNetwork)","NH_perk_volunteer_network; client/windows/NewHorizonsPerkIcons.h; four-state descriptor NH_perk_volunteer_network.json","Provisional","Provisional","Purpose-made village-network/muster art is bound with four runtime states; source, exact prompt, exports and hashes are retained under active-perks-v5. Final visual approval remains pending."
"Active perk","Elite Draft (new-horizons:recruitment.eliteDraft)","NH_perk_elite_draft; client/windows/NewHorizonsPerkIcons.h; four-state descriptor NH_perk_elite_draft.json","Provisional","Provisional","Purpose-made selected elite equipment art is bound with four runtime states; source, exact prompt, exports and hashes are retained under active-perks-v5. Final visual approval remains pending."
"Active perk","Champion's Call (new-horizons:recruitment.championSCall)","NH_perk_champions_call; client/windows/NewHorizonsPerkIcons.h; four-state descriptor NH_perk_champions_call.json","Provisional","Provisional","Purpose-made ceremonial horn/champion gate art is bound with four runtime states; source, exact prompt, exports and hashes are retained under active-perks-v5. Final visual approval remains pending."
"Active perk","Master Recruiter (new-horizons:recruitment.masterRecruiter)","NH_perk_master_recruiter; client/windows/NewHorizonsPerkIcons.h; four-state descriptor NH_perk_master_recruiter.json","Provisional","Provisional","Purpose-made command seal/all-tier ledger art is bound with four runtime states; source, exact prompt, exports and hashes are retained under active-perks-v5. Final visual approval remains pending."
"Active perk","Stormcaller (new-horizons:havocMagic.stormcaller)","NH_perk_stormcaller_v2; client/windows/NewHorizonsPerkIcons.h; four-state descriptor NH_perk_stormcaller_v2.json","Provisional","Provisional","Purpose-made copper storm-horn art is bound with four runtime states; source, exact prompt, exports and hashes are retained under active-perks-v5. User-final visual approval and in-game review are not recorded."
"Active perk","Conductor (new-horizons:havocMagic.conductor)","NH_perk_conductor; client/windows/NewHorizonsPerkIcons.h; four-state descriptor NH_perk_conductor.json","Provisional","Provisional","Distinct icon family is bound; user-final visual approval and in-game choice/hero-screen review are not recorded."
"Active perk","Annihilator (new-horizons:havocMagic.annihilator)","NH_perk_annihilator; client/windows/NewHorizonsPerkIcons.h; four-state descriptor NH_perk_annihilator.json","Provisional","Provisional","Distinct icon family is bound; user-final visual approval and in-game choice/hero-screen review are not recorded."
"Active perk","Overcharger (new-horizons:sorceryMagic.overcharger)","NH_perk_overcharger; client/windows/NewHorizonsPerkIcons.h; four-state descriptor NH_perk_overcharger.json","Provisional","Provisional","Distinct icon family is bound; user-final visual approval and in-game choice/hero-screen review are not recorded."
"Active perk","Selective Dispel (new-horizons:sorceryMagic.selectiveDispel)","NH_perk_selective_dispel; client/windows/NewHorizonsPerkIcons.h; four-state descriptor NH_perk_selective_dispel.json","Provisional","Provisional","Distinct icon family is bound; user-final visual approval and in-game choice/hero-screen review are not recorded."
"Active perk","Temporalist (new-horizons:sorceryMagic.temporalist)","NH_perk_temporalist; client/windows/NewHorizonsPerkIcons.h; four-state descriptor NH_perk_temporalist.json","Provisional","Provisional","Distinct icon family is bound; user-final visual approval and in-game choice/hero-screen review are not recorded."
"Active perk","Matter Shaper (new-horizons:sorceryMagic.matterShaper)","NH_perk_matter_shaper; client/windows/NewHorizonsPerkIcons.h; four-state descriptor NH_perk_matter_shaper.json","Provisional","Provisional","Distinct icon family is bound; user-final visual approval and in-game choice/hero-screen review are not recorded."
"Active perk","Teleporter (new-horizons:sorceryMagic.teleporter)","NH_perk_teleporter; client/windows/NewHorizonsPerkIcons.h; four-state descriptor NH_perk_teleporter.json","Provisional","Provisional","Distinct icon family is bound; user-final visual approval and in-game choice/hero-screen review are not recorded."
"Active perk","Countermage (new-horizons:sorceryMagic.countermage)","NH_perk_countermage; client/windows/NewHorizonsPerkIcons.h; four-state descriptor NH_perk_countermage.json","Provisional","Provisional","Distinct icon family is bound; user-final visual approval and in-game choice/hero-screen review are not recorded."
"Active perk","Illusionist (new-horizons:sorceryMagic.illusionist)","NH_perk_illusionist; client/windows/NewHorizonsPerkIcons.h; four-state descriptor NH_perk_illusionist.json","Provisional","Provisional","Purpose-made silver mirror/duplicate-crystal art is bound with four runtime states; source, exact prompt, exports and hashes are retained under active-perks-v5. User-final visual approval and in-game review are not recorded."
"Active perk","Temporal Field (new-horizons:sorceryMagic.temporalField)","NH_perk_temporal_field; client/windows/NewHorizonsPerkIcons.h; four-state descriptor NH_perk_temporal_field.json","Provisional","Provisional","Distinct icon family is bound; user-final visual approval and in-game choice/hero-screen review are not recorded."
"Active perk","Chronomancer (new-horizons:sorceryMagic.chronomancer)","NH_perk_chronomancer; client/windows/NewHorizonsPerkIcons.h; four-state descriptor NH_perk_chronomancer.json","Provisional","Provisional","Distinct icon family is bound; user-final visual approval and in-game choice/hero-screen review are not recorded."
"Active perk","Spellbinder (new-horizons:sorceryMagic.spellbinder)","NH_perk_spellbinder; client/windows/NewHorizonsPerkIcons.h; four-state descriptor NH_perk_spellbinder.json","Provisional","Provisional","Purpose-made clasped-grimoire art is bound with four runtime states; source, exact prompt, exports and hashes are retained under active-perks-v5. User-final visual approval and in-game review are not recorded."
"Active perk","Martial Channeling (new-horizons:warcasting.martialChanneling)","NH_perk_martial_channeling; client/windows/NewHorizonsPerkIcons.h; four-state descriptor NH_perk_martial_channeling.json","Provisional","Provisional","Distinct icon family is bound; user-final visual approval and in-game choice/hero-screen review are not recorded."
"Active perk","Arcane Channeling (new-horizons:warcasting.arcaneChanneling)","NH_perk_arcane_channeling; client/windows/NewHorizonsPerkIcons.h; four-state descriptor NH_perk_arcane_channeling.json","Provisional","Provisional","Distinct icon family is bound; user-final visual approval and in-game choice/hero-screen review are not recorded."
"Active perk","Battle Meditation (new-horizons:warcasting.battleMeditation)","NH_perk_battle_meditation; client/windows/NewHorizonsPerkIcons.h; four-state descriptor NH_perk_battle_meditation.json","Provisional","Provisional","Distinct icon family is bound; user-final visual approval and in-game choice/hero-screen review are not recorded."
"Active perk","Tactical Weaving (new-horizons:warcasting.tacticalWeaving)","NH_perk_tactical_weaving; client/windows/NewHorizonsPerkIcons.h; four-state descriptor NH_perk_tactical_weaving.json","Provisional","Provisional","Distinct icon family is bound; user-final visual approval and in-game choice/hero-screen review are not recorded."
"Active perk","Elven Precision (new-horizons:sylvanLuck.elvenPrecision)","NH_perk_elven_precision; client/windows/NewHorizonsPerkIcons.h; four-state descriptor NH_perk_elven_precision.json","Provisional","Provisional","Distinct icon family is bound; user-final visual approval and in-game choice/hero-screen review are not recorded."
"Active perk","Forest's Favor (new-horizons:sylvanLuck.forestSFavor)","NH_perk_forests_favor; client/windows/NewHorizonsPerkIcons.h; four-state descriptor NH_perk_forests_favor.json","Provisional","Provisional","Distinct icon family is bound; user-final visual approval and in-game choice/hero-screen review are not recorded."
"Active perk","Serendipity (new-horizons:sylvanLuck.serendipity)","NH_perk_serendipity; client/windows/NewHorizonsPerkIcons.h; four-state descriptor NH_perk_serendipity.json","Provisional","Provisional","Distinct icon family is bound; user-final visual approval and in-game choice/hero-screen review are not recorded."
"Active perk","Lucky Recovery (new-horizons:sylvanLuck.luckyRecovery)","NH_perk_lucky_recovery; client/windows/NewHorizonsPerkIcons.h; four-state descriptor NH_perk_lucky_recovery.json","Provisional","Provisional","Distinct icon family is bound; user-final visual approval and in-game choice/hero-screen review are not recorded."
"Active perk","Shared Fortune (new-horizons:sylvanLuck.sharedFortune)","NH_perk_shared_fortune; client/windows/NewHorizonsPerkIcons.h; four-state descriptor NH_perk_shared_fortune.json","Provisional","Provisional","Distinct icon family is bound; user-final visual approval and in-game choice/hero-screen review are not recorded."
"Active perk","Nature's Providence (new-horizons:sylvanLuck.natureSProvidence)","NH_perk_natures_providence; client/windows/NewHorizonsPerkIcons.h; four-state descriptor NH_perk_natures_providence.json","Provisional","Provisional","Distinct icon family is bound; user-final visual approval and in-game choice/hero-screen review are not recorded."
"Active perk","Fortunate Aim (new-horizons:sylvanLuck.fortunateAim)","NH_perk_fortunate_aim; client/windows/NewHorizonsPerkIcons.h; four-state descriptor NH_perk_fortunate_aim.json","Provisional","Provisional","Distinct icon family is bound; user-final visual approval and in-game choice/hero-screen review are not recorded."
"Active perk","Wild Chance (new-horizons:sylvanLuck.wildChance)","NH_perk_wild_chance; client/windows/NewHorizonsPerkIcons.h; four-state descriptor NH_perk_wild_chance.json","Provisional","Provisional","Distinct icon family is bound; user-final visual approval and in-game choice/hero-screen review are not recorded."
"Active perk","Perfect Moment (new-horizons:sylvanLuck.perfectMoment)","NH_perk_perfect_moment; client/windows/NewHorizonsPerkIcons.h; four-state descriptor NH_perk_perfect_moment.json","Provisional","Provisional","Distinct icon family is bound; user-final visual approval and in-game choice/hero-screen review are not recorded."
"Active perk","Cascading Fortune (new-horizons:sylvanLuck.cascadingFortune)","NH_perk_cascading_fortune; client/windows/NewHorizonsPerkIcons.h; four-state descriptor NH_perk_cascading_fortune.json","Provisional","Provisional","Distinct icon family is bound; user-final visual approval and in-game choice/hero-screen review are not recorded."
"Active perk","Spell Sequencing (new-horizons:metamagic.spellSequencing)","NH_perk_spell_sequencing; client/windows/NewHorizonsPerkIcons.h; four-state descriptor NH_perk_spell_sequencing.json","Provisional","Provisional","Distinct icon family is bound; user-final visual approval and in-game choice/hero-screen review are not recorded."
"Active perk","Arcane Economy (new-horizons:metamagic.arcaneEconomy)","NH_perk_arcane_economy; client/windows/NewHorizonsPerkIcons.h; four-state descriptor NH_perk_arcane_economy.json","Provisional","Provisional","Distinct icon family is bound; user-final visual approval and in-game choice/hero-screen review are not recorded."
"Active perk","Focused Pairing (new-horizons:metamagic.focusedPairing)","NH_perk_focused_pairing; client/windows/NewHorizonsPerkIcons.h; four-state descriptor NH_perk_focused_pairing.json","Provisional","Provisional","Distinct icon family is bound; user-final visual approval and in-game choice/hero-screen review are not recorded."
"Active perk","Arcane Acquisition (new-horizons:metamagic.arcaneAcquisition)","NH_perk_arcane_acquisition; client/windows/NewHorizonsPerkIcons.h; four-state descriptor NH_perk_arcane_acquisition.json","Provisional","Provisional","Purpose-made astrolabe/prism art is bound with four runtime states; source, exact prompt, exports and hashes are retained under active-perks-v5. User-final visual approval and in-game review are not recorded."
"Legacy saved perk","Countersequence (new-horizons:metamagic.countersequence)","NH_perk_countersequence; client/windows/NewHorizonsPerkIcons.h; four-state descriptor NH_perk_countersequence.json","Provisional","Provisional","Retained only for historical saved perk snapshots; it is no longer an active new-game catalog choice."
"Active perk","Echoed Duration (new-horizons:metamagic.echoedDuration)","NH_perk_echoed_duration; client/windows/NewHorizonsPerkIcons.h; four-state descriptor NH_perk_echoed_duration.json","Provisional","Provisional","Distinct icon family is bound; user-final visual approval and in-game choice/hero-screen review are not recorded."
"Active perk","Split Focus (new-horizons:metamagic.splitFocus)","NH_perk_split_focus; client/windows/NewHorizonsPerkIcons.h; four-state descriptor NH_perk_split_focus.json","Provisional","Provisional","Distinct icon family is bound; user-final visual approval and in-game choice/hero-screen review are not recorded."
"Active perk","Formula Reserve (new-horizons:metamagic.formulaReserve)","NH_perk_formula_reserve; client/windows/NewHorizonsPerkIcons.h; four-state descriptor NH_perk_formula_reserve.json","Provisional","Provisional","Distinct icon family is bound; user-final visual approval and in-game choice/hero-screen review are not recorded."
"Active perk","Spell Buffer (new-horizons:metamagic.spellBuffer)","NH_perk_spell_buffer_v2; client/windows/NewHorizonsPerkIcons.h; four-state descriptor NH_perk_spell_buffer_v2.json","Provisional","Provisional","Purpose-made brass-caged reservoir art is bound with four runtime states; source, exact prompt, exports and hashes are retained under active-perks-v5. User-final visual approval and in-game review are not recorded."
"Active perk","Grand Metamagic (new-horizons:metamagic.grandMetamagic)","NH_perk_grand_metamagic; client/windows/NewHorizonsPerkIcons.h; four-state descriptor NH_perk_grand_metamagic.json","Provisional","Provisional","Distinct icon family is bound. Manual activation controls are removed for automatic third-used-sequence activation; user-final art approval and in-game hero-screen/action-count review are not recorded."
"Active perk","Perfect Sequence (new-horizons:metamagic.perfectSequence)","NH_perk_perfect_sequence; client/windows/NewHorizonsPerkIcons.h; four-state descriptor NH_perk_perfect_sequence.json","Provisional","Provisional","Distinct icon family is bound; user-final visual approval and in-game choice/hero-screen review are not recorded."
"Active perk","Swift Gate (new-horizons:demonicGating.swiftGate)","NH_perk_swift_gate; client/windows/NewHorizonsPerkIcons.h; four-state descriptor NH_perk_swift_gate.json","Provisional","Provisional","Purpose-made portal/hourglass art is bound with four runtime states; source, exact prompt, exports and hashes are retained under active-perks-v5. Final visual approval remains pending."
"Active perk","Wide Gate (new-horizons:demonicGating.wideGate)","NH_perk_wide_gate; client/windows/NewHorizonsPerkIcons.h; four-state descriptor NH_perk_wide_gate.json","Provisional","Provisional","Purpose-made portal/expanded-hex-ring art is bound with four runtime states; source, exact prompt, exports and hashes are retained under active-perks-v5. Final visual approval remains pending."
"Active perk","Hellfire Arrival (new-horizons:demonicGating.hellfireArrival)","NH_perk_hellfire_arrival; client/windows/NewHorizonsPerkIcons.h; four-state descriptor NH_perk_hellfire_arrival.json","Provisional","Provisional","Purpose-made radial hellfire arrival art is bound with four runtime states; source, exact prompt, exports and hashes are retained under active-perks-v5. Final visual approval remains pending."
"Active perk","Reinforced Gate (new-horizons:demonicGating.reinforcedGate)","NH_perk_reinforced_gate; client/windows/NewHorizonsPerkIcons.h; four-state descriptor NH_perk_reinforced_gate.json","Provisional","Provisional","Purpose-made iron-braced gate/crimson shield art is bound with four runtime states; source, exact prompt, exports and hashes are retained under active-perks-v5. Final visual approval remains pending."
"Active perk","Mobile Gate (new-horizons:demonicGating.mobileGate)","NH_perk_mobile_gate; client/windows/NewHorizonsPerkIcons.h; four-state descriptor NH_perk_mobile_gate.json","Provisional","Provisional","Purpose-made infernal greave/ember-trail art is bound with four runtime states; source, exact prompt, exports and hashes are retained under active-perks-v5. Final visual approval remains pending."
"Active perk","Infernal Beacon (new-horizons:demonicGating.infernalBeacon)","NH_perk_infernal_beacon; client/windows/NewHorizonsPerkIcons.h; four-state descriptor NH_perk_infernal_beacon.json","Provisional","Provisional","Purpose-made gate/beacon/allied-banner art is bound with four runtime states; source, exact prompt, exports and hashes are retained under active-perks-v5. Final visual approval remains pending."
"Active perk","Chain Gate (new-horizons:demonicGating.chainGate)","NH_perk_chain_gate; client/windows/NewHorizonsPerkIcons.h; four-state descriptor NH_perk_chain_gate.json","Provisional","Provisional","Distinct icon family is bound; user-final visual approval and in-game choice/hero-screen review are not recorded."
"Active perk","Reserve Discipline (new-horizons:demonicGating.reserveDiscipline)","NH_perk_reserve_discipline; client/windows/NewHorizonsPerkIcons.h; four-state descriptor NH_perk_reserve_discipline.json","Provisional","Provisional","Purpose-made disciplined war-mask/neutralized morale art is bound with four runtime states; source, exact prompt, exports and hashes are retained under active-perks-v5. Final visual approval remains pending."
"Active perk","Endless Legion (new-horizons:demonicGating.endlessLegion)","NH_perk_endless_legion; client/windows/NewHorizonsPerkIcons.h; four-state descriptor NH_perk_endless_legion.json","Provisional","Provisional","Purpose-made reserve casualty-return art is bound with four runtime states; source, exact prompt, exports and hashes are retained under active-perks-v5. Final visual approval remains pending."
"Active perk","Bone Collector (new-horizons:necromancy.boneCollector)","NH_perk_bone_collector; client/windows/NewHorizonsPerkIcons.h; four-state descriptor NH_perk_bone_collector.json","Provisional","Provisional","Distinct icon family is bound; user-final visual approval and in-game choice/hero-screen review are not recorded."
"Active perk","Dark Conversion (new-horizons:necromancy.darkConversion)","NH_perk_dark_conversion; client/windows/NewHorizonsPerkIcons.h; four-state descriptor NH_perk_dark_conversion.json","Provisional","Provisional","Distinct icon family is bound; user-final visual approval and in-game choice/hero-screen review are not recorded."
"Active perk","Black Harvest (new-horizons:necromancy.blackHarvest)","NH_perk_black_harvest; client/windows/NewHorizonsPerkIcons.h; four-state descriptor NH_perk_black_harvest.json","Provisional","Provisional","Distinct icon family is bound; user-final visual approval and in-game choice/hero-screen review are not recorded."
"Active perk","War Drums (new-horizons:bloodrage.warDrums)","NH_perk_war_drums; client/windows/NewHorizonsPerkIcons.h; four-state descriptor NH_perk_war_drums.json","Provisional","Provisional","Distinct icon family is bound; user-final visual approval and in-game choice/hero-screen review are not recorded."
"Spell","core:airElemental","New Horizons school assignment: new-horizons:nature|new-horizons:havoc; retains matching core spell-specific graphics via original config and CSpell::registerIcons","Provisional","Final","Suitable original spell identity/art is reused under the user-authorized policy; spellbook/school layout has no current GUI acceptance record."
"Spell","core:airShield","New Horizons school assignment: new-horizons:light; retains matching core spell-specific graphics via original config and CSpell::registerIcons","Provisional","Final","Suitable original spell identity/art is reused under the user-authorized policy; spellbook/school layout has no current GUI acceptance record."
"Spell","core:animateDead","New Horizons school assignment: new-horizons:shadow; retains matching core spell-specific graphics via original config and CSpell::registerIcons","Provisional","Final","Suitable original spell identity/art is reused under the user-authorized policy; spellbook/school layout has no current GUI acceptance record."
"Spell","core:antiMagic","New Horizons school assignment: new-horizons:sorcery; retains matching core spell-specific graphics via original config and CSpell::registerIcons","Provisional","Final","Suitable original spell identity/art is reused under the user-authorized policy; spellbook/school layout has no current GUI acceptance record."
"Spell","core:armageddon","New Horizons school assignment: new-horizons:havoc; retains matching core spell-specific graphics via original config and CSpell::registerIcons","Provisional","Final","Suitable original spell identity/art is reused under the user-authorized policy; spellbook/school layout has no current GUI acceptance record."
"Spell","core:berserk","New Horizons school assignment: new-horizons:chaos; retains matching core spell-specific graphics via original config and CSpell::registerIcons","Provisional","Final","Suitable original spell identity/art is reused under the user-authorized policy; spellbook/school layout has no current GUI acceptance record."
"Spell","core:bless","New Horizons school assignment: new-horizons:light; retains matching core spell-specific graphics via original config and CSpell::registerIcons","Provisional","Final","Suitable original spell identity/art is reused under the user-authorized policy; spellbook/school layout has no current GUI acceptance record."
"Spell","core:blind","New Horizons school assignment: new-horizons:shadow|new-horizons:chaos; retains matching core spell-specific graphics via original config and CSpell::registerIcons","Provisional","Final","Suitable original spell identity/art is reused under the user-authorized policy; spellbook/school layout has no current GUI acceptance record."
"Spell","core:bloodlust","New Horizons school assignment: new-horizons:chaos; retains matching core spell-specific graphics via original config and CSpell::registerIcons","Provisional","Final","Suitable original spell identity/art is reused under the user-authorized policy; spellbook/school layout has no current GUI acceptance record."
"Spell","core:chainLightning","New Horizons school assignment: new-horizons:havoc; retains matching core spell-specific graphics via original config and CSpell::registerIcons","Provisional","Final","Suitable original spell identity/art is reused under the user-authorized policy; spellbook/school layout has no current GUI acceptance record."
"Spell","new-horizons:masterChainLightning","school=new-horizons:havoc; iconBook=SPELLS.def:0:19; iconScroll=SPELLSCR.def:0:19; iconEffect=SPELLINT.def:0:16; iconImmune=SPELLINT.def:0:16; iconScenarioBonus=SPELLBON.def:0:19; Mods/new-horizons/Content/config/spells/newHorizons.json","Provisional","Provisional","A matching classic-adjacent spell frame is present (Chain Lightning 19 or Remove Obstacle 64); obtain visual approval and review all spell-role slots."
"Spell","new-horizons:counterspell","school=new-horizons:sorcery; iconBook=SPELLS.def:0:15; iconScroll=SPELLSCR.def:0:15; iconEffect=SPELLINT.def:0:16; iconImmune=SPELLINT.def:0:16; iconScenarioBonus=SPELLBON.def:0:15; Mods/new-horizons/Content/config/spells/newHorizons.json","Provisional","Not done","Book/scroll/bonus art currently uses frame 15, verified as Magic Arrow. Replace with role-appropriate original art and review the other spell graphics slots."
"Spell","new-horizons:phantomArmy","school=new-horizons:sorcery; iconBook=SPELLS.def:0:15; iconScroll=SPELLSCR.def:0:15; iconEffect=SPELLINT.def:0:16; iconImmune=SPELLINT.def:0:16; iconScenarioBonus=SPELLBON.def:0:15; Mods/new-horizons/Content/config/spells/newHorizons.json","Provisional","Not done","Book/scroll/bonus art currently uses frame 15, verified as Magic Arrow. Replace with role-appropriate original art and review the other spell graphics slots."
"Spell","core:counterstrike","New Horizons school assignment: new-horizons:light; retains matching core spell-specific graphics via original config and CSpell::registerIcons","Provisional","Final","Suitable original spell identity/art is reused under the user-authorized policy; spellbook/school layout has no current GUI acceptance record."
"Spell","core:cure","New Horizons school assignment: new-horizons:light; retains matching core spell-specific graphics via original config and CSpell::registerIcons","Provisional","Final","Suitable original spell identity/art is reused under the user-authorized policy; spellbook/school layout has no current GUI acceptance record."
"Spell","core:curse","New Horizons school assignment: new-horizons:shadow; retains matching core spell-specific graphics via original config and CSpell::registerIcons","Provisional","Final","Suitable original spell identity/art is reused under the user-authorized policy; spellbook/school layout has no current GUI acceptance record."
"Spell","core:deathRipple","New Horizons school assignment: new-horizons:shadow; retains matching core spell-specific graphics via original config and CSpell::registerIcons","Provisional","Final","Suitable original spell identity/art is reused under the user-authorized policy; spellbook/school layout has no current GUI acceptance record."
"Spell","core:destroyUndead","New Horizons school assignment: new-horizons:light; retains matching core spell-specific graphics via original config and CSpell::registerIcons","Provisional","Final","Suitable original spell identity/art is reused under the user-authorized policy; spellbook/school layout has no current GUI acceptance record."
"Spell","core:disguise","New Horizons school assignment: new-horizons:sorcery; retains matching core spell-specific graphics via original config and CSpell::registerIcons","Provisional","Final","Suitable original spell identity/art is reused under the user-authorized policy; spellbook/school layout has no current GUI acceptance record."
"Spell","core:dispel","New Horizons school assignment: new-horizons:sorcery; retains matching core spell-specific graphics via original config and CSpell::registerIcons","Provisional","Final","Suitable original spell identity/art is reused under the user-authorized policy; spellbook/school layout has no current GUI acceptance record."
"Spell","core:disruptingRay","New Horizons school assignment: new-horizons:shadow; retains matching core spell-specific graphics via original config and CSpell::registerIcons","Provisional","Final","Suitable original spell identity/art is reused under the user-authorized policy; spellbook/school layout has no current GUI acceptance record."
"Spell","new-horizons:disintegrate","school=new-horizons:havoc; iconBook=SPELLS.def:0:15; iconScroll=SPELLSCR.def:0:15; iconEffect=SPELLINT.def:0:16; iconImmune=SPELLINT.def:0:16; iconScenarioBonus=SPELLBON.def:0:15; Mods/new-horizons/Content/config/spells/newHorizons.json","Provisional","Not done","Book/scroll/bonus art currently uses frame 15, verified as Magic Arrow. Replace with role-appropriate original art and review the other spell graphics slots."
"Spell","core:earthElemental","New Horizons school assignment: new-horizons:nature|new-horizons:havoc; retains matching core spell-specific graphics via original config and CSpell::registerIcons","Provisional","Final","Suitable original spell identity/art is reused under the user-authorized policy; spellbook/school layout has no current GUI acceptance record."
"Spell","core:earthquake","New Horizons school assignment: new-horizons:havoc; retains matching core spell-specific graphics via original config and CSpell::registerIcons","Provisional","Final","Suitable original spell identity/art is reused under the user-authorized policy; spellbook/school layout has no current GUI acceptance record."
"Spell","core:fireElemental","New Horizons school assignment: new-horizons:nature|new-horizons:havoc; retains matching core spell-specific graphics via original config and CSpell::registerIcons","Provisional","Final","Suitable original spell identity/art is reused under the user-authorized policy; spellbook/school layout has no current GUI acceptance record."
"Spell","core:fireShield","New Horizons school assignment: new-horizons:havoc; retains matching core spell-specific graphics via original config and CSpell::registerIcons","Provisional","Final","Suitable original spell identity/art is reused under the user-authorized policy; spellbook/school layout has no current GUI acceptance record."
"Spell","core:fireWall","New Horizons school assignment: new-horizons:havoc; retains matching core spell-specific graphics via original config and CSpell::registerIcons","Provisional","Final","Suitable original spell identity/art is reused under the user-authorized policy; spellbook/school layout has no current GUI acceptance record."
"Spell","core:fireball","New Horizons school assignment: new-horizons:havoc; retains matching core spell-specific graphics via original config and CSpell::registerIcons","Provisional","Final","Suitable original spell identity/art is reused under the user-authorized policy; spellbook/school layout has no current GUI acceptance record."
"Spell","core:forceField","New Horizons school assignment: new-horizons:sorcery; retains matching core spell-specific graphics via original config and CSpell::registerIcons","Provisional","Final","Suitable original spell identity/art is reused under the user-authorized policy; spellbook/school layout has no current GUI acceptance record."
"Spell","core:forgetfulness","New Horizons school assignment: new-horizons:chaos; retains matching core spell-specific graphics via original config and CSpell::registerIcons","Provisional","Final","Suitable original spell identity/art is reused under the user-authorized policy; spellbook/school layout has no current GUI acceptance record."
"Spell","core:fortune","New Horizons school assignment: new-horizons:chaos; retains matching core spell-specific graphics via original config and CSpell::registerIcons","Provisional","Final","Suitable original spell identity/art is reused under the user-authorized policy; spellbook/school layout has no current GUI acceptance record."
"Spell","core:frenzy","New Horizons school assignment: new-horizons:chaos; retains matching core spell-specific graphics via original config and CSpell::registerIcons","Provisional","Final","Suitable original spell identity/art is reused under the user-authorized policy; spellbook/school layout has no current GUI acceptance record."
"Spell","core:frostRing","New Horizons school assignment: new-horizons:havoc; retains matching core spell-specific graphics via original config and CSpell::registerIcons","Provisional","Final","Suitable original spell identity/art is reused under the user-authorized policy; spellbook/school layout has no current GUI acceptance record."
"Spell","core:haste","New Horizons school assignment: new-horizons:sorcery; retains matching core spell-specific graphics via original config and CSpell::registerIcons","Provisional","Final","Suitable original spell identity/art is reused under the user-authorized policy; spellbook/school layout has no current GUI acceptance record."
"Spell","core:hypnotize","New Horizons school assignment: new-horizons:chaos; retains matching core spell-specific graphics via original config and CSpell::registerIcons","Provisional","Final","Suitable original spell identity/art is reused under the user-authorized policy; spellbook/school layout has no current GUI acceptance record."
"Spell","core:iceBolt","New Horizons school assignment: new-horizons:havoc; retains matching core spell-specific graphics via original config and CSpell::registerIcons","Provisional","Final","Suitable original spell identity/art is reused under the user-authorized policy; spellbook/school layout has no current GUI acceptance record."
"Spell","core:implosion","New Horizons school assignment: new-horizons:havoc; retains matching core spell-specific graphics via original config and CSpell::registerIcons","Provisional","Final","Suitable original spell identity/art is reused under the user-authorized policy; spellbook/school layout has no current GUI acceptance record."
"Spell","core:inferno","New Horizons school assignment: new-horizons:havoc; retains matching core spell-specific graphics via original config and CSpell::registerIcons","Provisional","Final","Suitable original spell identity/art is reused under the user-authorized policy; spellbook/school layout has no current GUI acceptance record."
"Spell","core:landMine","New Horizons school assignment: new-horizons:havoc; retains matching core spell-specific graphics via original config and CSpell::registerIcons","Provisional","Final","Suitable original spell identity/art is reused under the user-authorized policy; spellbook/school layout has no current GUI acceptance record."
"Spell","core:lightningBolt","New Horizons school assignment: new-horizons:havoc; retains matching core spell-specific graphics via original config and CSpell::registerIcons","Provisional","Final","Suitable original spell identity/art is reused under the user-authorized policy; spellbook/school layout has no current GUI acceptance record."
"Spell","core:magicArrow","New Horizons school assignment: new-horizons:sorcery; retains matching core spell-specific graphics via original config and CSpell::registerIcons","Provisional","Final","Suitable original spell identity/art is reused under the user-authorized policy; spellbook/school layout has no current GUI acceptance record."
"Spell","core:magicMirror","New Horizons school assignment: new-horizons:sorcery; retains matching core spell-specific graphics via original config and CSpell::registerIcons","Provisional","Final","Suitable original spell identity/art is reused under the user-authorized policy; spellbook/school layout has no current GUI acceptance record."
"Spell","core:meteorShower","New Horizons school assignment: new-horizons:havoc; retains matching core spell-specific graphics via original config and CSpell::registerIcons","Provisional","Final","Suitable original spell identity/art is reused under the user-authorized policy; spellbook/school layout has no current GUI acceptance record."
"Spell","core:mirth","New Horizons school assignment: new-horizons:chaos; retains matching core spell-specific graphics via original config and CSpell::registerIcons","Provisional","Final","Suitable original spell identity/art is reused under the user-authorized policy; spellbook/school layout has no current GUI acceptance record."
"Spell","core:misfortune","New Horizons school assignment: new-horizons:chaos; retains matching core spell-specific graphics via original config and CSpell::registerIcons","Provisional","Final","Suitable original spell identity/art is reused under the user-authorized policy; spellbook/school layout has no current GUI acceptance record."
"Spell","core:prayer","New Horizons school assignment: new-horizons:light; retains matching core spell-specific graphics via original config and CSpell::registerIcons","Provisional","Final","Suitable original spell identity/art is reused under the user-authorized policy; spellbook/school layout has no current GUI acceptance record."
"Spell","core:precision","New Horizons school assignment: new-horizons:sorcery; retains matching core spell-specific graphics via original config and CSpell::registerIcons","Provisional","Final","Suitable original spell identity/art is reused under the user-authorized policy; spellbook/school layout has no current GUI acceptance record."
"Spell","core:protectAir","New Horizons school assignment: new-horizons:light; retains matching core spell-specific graphics via original config and CSpell::registerIcons","Provisional","Final","Suitable original spell identity/art is reused under the user-authorized policy; spellbook/school layout has no current GUI acceptance record."
"Spell","core:protectEarth","New Horizons school assignment: new-horizons:light; retains matching core spell-specific graphics via original config and CSpell::registerIcons","Provisional","Final","Suitable original spell identity/art is reused under the user-authorized policy; spellbook/school layout has no current GUI acceptance record."
"Spell","core:protectFire","New Horizons school assignment: new-horizons:light; retains matching core spell-specific graphics via original config and CSpell::registerIcons","Provisional","Final","Suitable original spell identity/art is reused under the user-authorized policy; spellbook/school layout has no current GUI acceptance record."
"Spell","core:protectWater","New Horizons school assignment: new-horizons:light; retains matching core spell-specific graphics via original config and CSpell::registerIcons","Provisional","Final","Suitable original spell identity/art is reused under the user-authorized policy; spellbook/school layout has no current GUI acceptance record."
"Spell","core:quicksand","New Horizons school assignment: new-horizons:nature; retains matching core spell-specific graphics via original config and CSpell::registerIcons","Provisional","Final","Suitable original spell identity/art is reused under the user-authorized policy; spellbook/school layout has no current GUI acceptance record."
"Spell","core:removeObstacle","New Horizons school assignment: new-horizons:nature; retains matching core spell-specific graphics via original config and CSpell::registerIcons","Provisional","Final","Suitable original spell identity/art is reused under the user-authorized policy; spellbook/school layout has no current GUI acceptance record."
"Spell","new-horizons:transfigureMatter","school=new-horizons:sorcery; iconBook=SPELLS.def:0:64; iconScroll=SPELLSCR.def:0:64; iconEffect=SPELLINT.def:0:65; iconImmune=SPELLINT.def:0:65; iconScenarioBonus=SPELLBON.def:0:64; Mods/new-horizons/Content/config/spells/newHorizons.json","Provisional","Provisional","A matching classic-adjacent spell frame is present (Chain Lightning 19 or Remove Obstacle 64); obtain visual approval and review all spell-role slots."
"Spell","core:resurrection","New Horizons school assignment: new-horizons:light; retains matching core spell-specific graphics via original config and CSpell::registerIcons","Provisional","Final","Suitable original spell identity/art is reused under the user-authorized policy; spellbook/school layout has no current GUI acceptance record."
"Spell","core:sacrifice","New Horizons school assignment: new-horizons:shadow; retains matching core spell-specific graphics via original config and CSpell::registerIcons","Provisional","Final","Suitable original spell identity/art is reused under the user-authorized policy; spellbook/school layout has no current GUI acceptance record."
"Spell","core:scuttleBoat","New Horizons school assignment: new-horizons:havoc; retains matching core spell-specific graphics via original config and CSpell::registerIcons","Provisional","Final","Suitable original spell identity/art is reused under the user-authorized policy; spellbook/school layout has no current GUI acceptance record."
"Spell","core:shield","New Horizons school assignment: new-horizons:light; retains matching core spell-specific graphics via original config and CSpell::registerIcons","Provisional","Final","Suitable original spell identity/art is reused under the user-authorized policy; spellbook/school layout has no current GUI acceptance record."
"Spell","core:slayer","New Horizons school assignment: new-horizons:nature; retains matching core spell-specific graphics via original config and CSpell::registerIcons","Provisional","Final","Suitable original spell identity/art is reused under the user-authorized policy; spellbook/school layout has no current GUI acceptance record."
"Spell","core:slow","New Horizons school assignment: new-horizons:sorcery; retains matching core spell-specific graphics via original config and CSpell::registerIcons","Provisional","Final","Suitable original spell identity/art is reused under the user-authorized policy; spellbook/school layout has no current GUI acceptance record."
"Spell","core:sorrow","New Horizons school assignment: new-horizons:chaos; retains matching core spell-specific graphics via original config and CSpell::registerIcons","Provisional","Final","Suitable original spell identity/art is reused under the user-authorized policy; spellbook/school layout has no current GUI acceptance record."
"Spell","new-horizons:sanctuary","spell=Level-1 Light; art files=Mods/new-horizons/Images/NH_spell_sanctuary_{44,32,30}.png; bound book/scroll/status/immune/scenario roles in Mods/new-horizons/Content/config/spells/newHorizons.json; source=assets/new-horizons/art-source/sanctuary-v1/","Not done","Provisional","Purpose-made shrine-under-ward painting; 44x44, 32x32, and 30x30 LANCZOS exports pass dimension and native-legibility inspection. Master, exact prompt, provenance, export manifest, comparison, and hashes are retained under the source directory. In-game review and user-final approval remain pending."
"Spell","core:stoneSkin","New Horizons school assignment: new-horizons:nature; retains matching core spell-specific graphics via original config and CSpell::registerIcons","Provisional","Final","Suitable original spell identity/art is reused under the user-authorized policy; spellbook/school layout has no current GUI acceptance record."
"Spell","core:teleport","New Horizons school assignment: new-horizons:sorcery; retains matching core spell-specific graphics via original config and CSpell::registerIcons","Provisional","Final","Suitable original spell identity/art is reused under the user-authorized policy; spellbook/school layout has no current GUI acceptance record."
"Spell","new-horizons:timeStop","school=new-horizons:sorcery; iconBook=SPELLS.def:0:15; iconScroll=SPELLSCR.def:0:15; iconEffect=SPELLINT.def:0:16; iconImmune=SPELLINT.def:0:16; iconScenarioBonus=SPELLBON.def:0:15; Mods/new-horizons/Content/config/spells/newHorizons.json","Provisional","Not done","Book/scroll/bonus art currently uses frame 15, verified as Magic Arrow. Replace with role-appropriate original art and review the other spell graphics slots."
"Spell","core:viewAir","New Horizons school assignment: new-horizons:nature; retains matching core spell-specific graphics via original config and CSpell::registerIcons","Provisional","Final","Suitable original spell identity/art is reused under the user-authorized policy; spellbook/school layout has no current GUI acceptance record."
"Spell","core:viewEarth","New Horizons school assignment: new-horizons:nature; retains matching core spell-specific graphics via original config and CSpell::registerIcons","Provisional","Final","Suitable original spell identity/art is reused under the user-authorized policy; spellbook/school layout has no current GUI acceptance record."
"Spell","core:visions","New Horizons school assignment: new-horizons:sorcery; retains matching core spell-specific graphics via original config and CSpell::registerIcons","Provisional","Final","Suitable original spell identity/art is reused under the user-authorized policy; spellbook/school layout has no current GUI acceptance record."
"Spell","core:waterElemental","New Horizons school assignment: new-horizons:nature|new-horizons:havoc; retains matching core spell-specific graphics via original config and CSpell::registerIcons","Provisional","Final","Suitable original spell identity/art is reused under the user-authorized policy; spellbook/school layout has no current GUI acceptance record."
"Spell","core:weakness","New Horizons school assignment: new-horizons:shadow; retains matching core spell-specific graphics via original config and CSpell::registerIcons","Provisional","Final","Suitable original spell identity/art is reused under the user-authorized policy; spellbook/school layout has no current GUI acceptance record."
"Order","Brace (heroCommand:brace)","NH_brace_button.json; NH_brace_icon.png; NH_brace_{normal|pressed|disabled|highlighted}.png; client/battle/BattleHeroActionWindow.cpp","Provisional","Provisional","Eight source bindings exist; graphical in-game review and explicit final-art approval remain."
"Order","Charge (heroCommand:charge)","NH_charge_button.json; NH_charge_icon.png; NH_charge_{normal|pressed|disabled|highlighted}.png; client/battle/BattleHeroActionWindow.cpp","Provisional","Provisional","Eight source bindings exist; graphical in-game review and explicit final-art approval remain."
"Order","Flank (heroCommand:flank)","NH_flank_button.json; NH_flank_icon.png; NH_flank_{normal|pressed|disabled|highlighted}.png; client/battle/BattleHeroActionWindow.cpp","Provisional","Provisional","Eight source bindings exist; graphical in-game review and explicit final-art approval remain."
"Order","Focus Fire (heroCommand:focusFire)","NH_focusFire_button.json; NH_focusFire_icon.png; NH_focusFire_{normal|pressed|disabled|highlighted}.png; client/battle/BattleHeroActionWindow.cpp","Provisional","Provisional","Eight source bindings exist; graphical in-game review and explicit final-art approval remain."
"Order","Hold the Line (heroCommand:holdTheLine)","NH_holdTheLine_button.json; NH_holdTheLine_icon.png; NH_holdTheLine_{normal|pressed|disabled|highlighted}.png; client/battle/BattleHeroActionWindow.cpp","Provisional","Provisional","Eight source bindings exist; graphical in-game review and explicit final-art approval remain."
"Order","Protect (heroCommand:protect)","NH_protect_button.json; NH_protect_icon.png; NH_protect_{normal|pressed|disabled|highlighted}.png; client/battle/BattleHeroActionWindow.cpp","Provisional","Provisional","Eight source bindings exist; graphical in-game review and explicit final-art approval remain."
"Order","Riposte (heroCommand:riposte)","NH_riposte_button.json; NH_riposte_icon.png; NH_riposte_{normal|pressed|disabled|highlighted}.png; client/battle/BattleHeroActionWindow.cpp","Provisional","Provisional","Eight source bindings exist; graphical in-game review and explicit final-art approval remain."
"Order","Second Wind (heroCommand:secondWind)","NH_secondWind_button.json; NH_secondWind_icon.png; NH_secondWind_{normal|pressed|disabled|highlighted}.png; client/battle/BattleHeroActionWindow.cpp","Provisional","Provisional","Eight source bindings exist; graphical in-game review and explicit final-art approval remain."
"Spellbook bookmark","Light selected/unselected","NH_light_bookmark.json -> NH_light_bookmark_{selected,unselected}.png; Mods/new-horizons/mod.json; CSpellWindow uses frames 0/1 and small-book 68x51 fit","Provisional","Final","User explicitly marked the six school bookmark artworks Final. Verify compact rendering, state order, hit areas, and visual fit in the actual book."
"Spellbook header","Light page-one header","NH_light_header.png (160x96); Mods/new-horizons/mod.json; client/windows/CSpellWindow.cpp","Provisional","Provisional","Runtime path is bound; user visual approval and native page-one/top-margin review remain."
"Spell mastery border","Light proficiency frames","NH_light_spellBorders.json -> NH_light_spellBorder_{none,basic,advanced,expert}.png; Mods/new-horizons/mod.json; client/windows/CSpellWindow.cpp","Provisional","Provisional","Four proficiency frames are bound; verify corner progression, spell-center clearance, and in-game fit; user visual approval remains."
"Spellbook bookmark","Nature selected/unselected","NH_nature_bookmark.json -> NH_nature_bookmark_{selected,unselected}.png; Mods/new-horizons/mod.json; CSpellWindow uses frames 0/1 and small-book 68x51 fit","Provisional","Final","User explicitly marked the six school bookmark artworks Final. Verify compact rendering, state order, hit areas, and visual fit in the actual book."
"Spellbook header","Nature page-one header","NH_nature_header.png (160x96); Mods/new-horizons/mod.json; client/windows/CSpellWindow.cpp","Provisional","Provisional","Runtime path is bound; user visual approval and native page-one/top-margin review remain."
"Spell mastery border","Nature proficiency frames","NH_nature_spellBorders.json -> NH_nature_spellBorder_{none,basic,advanced,expert}.png; Mods/new-horizons/mod.json; client/windows/CSpellWindow.cpp","Provisional","Provisional","Four proficiency frames are bound; verify corner progression, spell-center clearance, and in-game fit; user visual approval remains."
"Spellbook bookmark","Sorcery selected/unselected","NH_sorcery_bookmark.json -> NH_sorcery_bookmark_{selected,unselected}.png; Mods/new-horizons/mod.json; CSpellWindow uses frames 0/1 and small-book 68x51 fit","Provisional","Final","User explicitly marked the six school bookmark artworks Final. Verify compact rendering, state order, hit areas, and visual fit in the actual book."
"Spellbook header","Sorcery page-one header","NH_sorcery_header.png (160x96); Mods/new-horizons/mod.json; client/windows/CSpellWindow.cpp","Provisional","Provisional","Runtime path is bound; user visual approval and native page-one/top-margin review remain."
"Spell mastery border","Sorcery proficiency frames","NH_sorcery_spellBorders.json -> NH_sorcery_spellBorder_{none,basic,advanced,expert}.png; Mods/new-horizons/mod.json; client/windows/CSpellWindow.cpp","Provisional","Provisional","Four proficiency frames are bound; verify corner progression, spell-center clearance, and in-game fit; user visual approval remains."
"Spellbook bookmark","Havoc selected/unselected","NH_havoc_bookmark.json -> NH_havoc_bookmark_{selected,unselected}.png; Mods/new-horizons/mod.json; CSpellWindow uses frames 0/1 and small-book 68x51 fit","Provisional","Final","User explicitly marked the six school bookmark artworks Final. Verify compact rendering, state order, hit areas, and visual fit in the actual book."
"Spellbook header","Havoc page-one header","NH_havoc_header.png (160x96); Mods/new-horizons/mod.json; client/windows/CSpellWindow.cpp","Provisional","Provisional","Runtime path is bound; user visual approval and native page-one/top-margin review remain."
"Spell mastery border","Havoc proficiency frames","NH_havoc_spellBorders.json -> NH_havoc_spellBorder_{none,basic,advanced,expert}.png; Mods/new-horizons/mod.json; client/windows/CSpellWindow.cpp","Provisional","Provisional","Four proficiency frames are bound; verify corner progression, spell-center clearance, and in-game fit; user visual approval remains."
"Spellbook bookmark","Shadow selected/unselected","NH_shadow_bookmark.json -> NH_shadow_bookmark_{selected,unselected}.png; Mods/new-horizons/mod.json; CSpellWindow uses frames 0/1 and small-book 68x51 fit","Provisional","Final","User explicitly marked the six school bookmark artworks Final. Verify compact rendering, state order, hit areas, and visual fit in the actual book."
"Spellbook header","Shadow page-one header","NH_shadow_header.png (160x96); Mods/new-horizons/mod.json; client/windows/CSpellWindow.cpp","Provisional","Provisional","Runtime path is bound; user visual approval and native page-one/top-margin review remain."
"Spell mastery border","Shadow proficiency frames","NH_shadow_spellBorders.json -> NH_shadow_spellBorder_{none,basic,advanced,expert}.png; Mods/new-horizons/mod.json; client/windows/CSpellWindow.cpp","Provisional","Provisional","Four proficiency frames are bound; verify corner progression, spell-center clearance, and in-game fit; user visual approval remains."
"Spellbook bookmark","Chaos selected/unselected","NH_chaos_bookmark.json -> NH_chaos_bookmark_{selected,unselected}.png; Mods/new-horizons/mod.json; CSpellWindow uses frames 0/1 and small-book 68x51 fit","Provisional","Final","User explicitly marked the six school bookmark artworks Final. Verify compact rendering, state order, hit areas, and visual fit in the actual book."
"Spellbook header","Chaos page-one header","NH_chaos_header.png (160x96); Mods/new-horizons/mod.json; client/windows/CSpellWindow.cpp","Provisional","Provisional","Runtime path is bound; user visual approval and native page-one/top-margin review remain."
"Spell mastery border","Chaos proficiency frames","NH_chaos_spellBorders.json -> NH_chaos_spellBorder_{none,basic,advanced,expert}.png; Mods/new-horizons/mod.json; client/windows/CSpellWindow.cpp","Provisional","Provisional","Four proficiency frames are bound; verify corner progression, spell-center clearance, and in-game fit; user visual approval remains."
"UI component","School emblem/button outputs","NH_<school>_icon.png; NH_<school>_button.json and state PNGs","Not done","Provisional","Files exist, but current spell-school handler only reads the bookmark, header, and border fields. Confirm a product consumer before treating this family as integrated."
"UI component","Orders entry button","NH_orders_gauntlet.json and four state PNGs; generated SPRITES/NH_orders_gauntlet_framed; BattleWindow.cpp","Provisional","Provisional","Bound in the battle window; visually review normal/pressed/disabled/highlighted and framed placement."
"UI component","Primary hero stat icons","NH_hero_attack, defense, power, knowledge, growth at 32/64px; CHeroWindow.cpp","Provisional","Provisional","Source bindings and files exist; review labels, sizes, and placement in hero/growth panels."
"UI component","Secondary hero stat icons","NH_hero_mana, movement, morale, luck at 32/64px; CHeroWindow.cpp and HeroGrowthWindow.cpp","Provisional","Provisional","Source bindings and files exist; review native readability and layout."
"UI component","Leadership and Siege capability icons","NH_hero_leadership_44/24 in CHeroWindow.cpp; NH_creature_leadership_20 in CCreatureWindow.cpp and CCastleInterface.cpp; NH_capability_siege unchanged","Provisional","Provisional","Hero Leadership uses retained HoMM3-skill banner art; creature and Fort Leadership Cost use the yellow crown. The older NH_capability_leadership family has no current runtime consumer. Verify all live slots and hover/readout use in GUI."
"UI component","Hero Movement icon","NH_hero_movement_44 in CHeroWindow.cpp; NH_hero_movement_painted_32 in HeroGrowthWindow.cpp; assets/new-horizons/art-source/hero-attribute-replacements-v1/","Provisional","Provisional","Retained HoMM3-skill winged riding boot replaces the old glyph at native 44px/32px. Source/export checks do not establish rendered acceptance."
"UI component","Core/Elite/Champion icons","NH_hero_core, NH_hero_elite, NH_hero_champion at 32/64px; no current runtime consumer","Not done","Provisional","Images exist but are not bound by the current recruitment UI, which uses text grouping; the creature Rank row uses NH_creature_rank_20 instead. Bind these only if recruitment-card category icons remain desired, then verify in GUI."
"Non-live/legacy","Hero mastery indicators","NH_hero_mastery at 32/64px and three NH_mastery_artillery* rank choices at 32/64px","Not done","Provisional","Retained legacy mastery/artillery artwork; not an active NH 1.0 requirement. File existence does not establish a live consumer or approval for reuse."
"UI component","Hero growth/action entry controls","NH_hero_growth_entry and NH_hero_actions_entry four-state descriptors; NH_hero_actions_back.png","Provisional","Provisional","State descriptors/files exist; record runtime visual and interaction acceptance."
"UI component","Quick-save/load buttons","NH_qsave_24/32/64x32 and NH_qload_24/32/64x32 descriptors/state files","Provisional","Provisional","User-authorized controls are present in the mod; final visual and installed-asset journey evidence is not recorded here."
"UI component","Creature ability/status icons","NH_status_*_50.png (ten user-authorized status families); Mods/new-horizons/Images","Provisional","Provisional","Outputs exist; preserve source/status mappings and review legibility/semantic fit in combat."
"UI component","Spell-points Buffer presentation","client/windows/SpellPointPresentation.h; client/battle/HeroInfoWindow.cpp; client/widgets/MiscWidgets.cpp; hero, exchange, kingdom and spellbook tooltip bindings","Provisional","Not done","Earlier shared yellow-markup fix promoted. UP-002 compact adventure/town follow-up has bounded two-line text, yellow Buffer and exact right-click help; accessible heroes expose actual capacity, enemy Visions does not. Client build and seven focused native tests pass; rendered legibility checks pending and no new promotion. Battle sidebar remains a separate consumer. Sparkle art is not bound."
"UI component","Fortress/Conflux recruitment cards","Ranked CFortScreen cards; compact Conflux contained-portrait branch; CCastleInterface.cpp","Provisional","Provisional","Source layout exists but no GUI acceptance is recorded. Confirm all requested Fortress/Conflux rosters, labels, and category mappings; the 14-row Conflux mapping is still a proposal."
"UI component","Extra Mage Guild I–V presentation","assets/new-horizons/Mage Guilds/; HALLCSTL.json Castle V; HALLFORT.json Fortress IV/V; HALLSTRN.json Stronghold I–V; universalMageGuilds.json","Provisional","Provisional","Owner-supplied packages and live 150x70 hall-card bindings are integrated; focused asset tests pass. Rights remain with their owners. Animation, placement and the full construction/access journey still require visual acceptance."
"Active perk","Encirclement (new-horizons:offense.encirclement)","config/newHorizonsPerks.json skills.new-horizons:offense.perks[id=new-horizons:offense.encirclement].effect.status=active; client/windows/NewHorizonsPerkIcons.h -> NH_perk_encirclement; four-state descriptor NH_perk_encirclement.json","Provisional","Provisional","Purpose-made HoMM3 Art source, prompt, 1254x1254 master, 44x44/32x32 exports and hashes are retained at assets/new-horizons/art-source/encirclement-v1; four distinct 44x44 runtime states are hash-checked. Runtime modifier integration is tracked in UP-015; in-game review and user-final art approval are not recorded."
"Active perk","Pursuit (new-horizons:offense.pursuit)","config/newHorizonsPerks.json skills.new-horizons:offense.perks[id=new-horizons:offense.pursuit].effect.status=active; client/windows/NewHorizonsPerkIcons.h -> NH_perk_pursuit_v2; four-state descriptor NH_perk_pursuit_v2.json","Provisional","Provisional","Selected v2 HoMM3 Art package retains its edit prompt/source/master, 44x44 and 32x32 reductions, comparison sheet, and four 44x44 state assets at assets/new-horizons/art-source/pursuit-v2. The earlier v1 framing draft remains in source history but its unused runtime exports are excluded. Runtime and AI integration await native/playable verification; in-game review and user-final art approval are not recorded."
"Active perk","Cleave (new-horizons:offense.cleave)","config/newHorizonsPerks.json skills.new-horizons:offense.perks[id=new-horizons:offense.cleave].effect.status=active; client/windows/NewHorizonsPerkIcons.h -> NH_perk_cleave; four-state descriptor NH_perk_cleave.json","Provisional","Provisional","Purpose-made HoMM3 Art source, exact prompt, 1254x1254 master, 44x44/32x32 reductions, comparison sheet, and hashes are retained at assets/new-horizons/art-source/cleave-v1; four distinct 44x44 runtime states are hash-checked. The art and binding are provisional; in-game review and user-final approval are not recorded."
"Active perk","Vengeance (new-horizons:offense.vengeance)","config/newHorizonsPerks.json skills.new-horizons:offense.perks[id=new-horizons:offense.vengeance].effect.status=active; client/windows/NewHorizonsPerkIcons.h -> NH_perk_vengeance; four-state descriptor NH_perk_vengeance.json","Provisional","Provisional","Dedicated HoMM3 Art source, exact prompt, 1254x1254 master, 44x44/32x32 reductions, comparison sheet and hashes are retained at assets/new-horizons/art-source/vengeance-v1; four distinct runtime states are hash-recorded. Authoritative Riposte integration, late-arrival inheritance, Battle AI valuation, persistence coverage and focused tests are present; native execution, in-game review and explicit user approval remain pending."
"Active perk","Relentless Assault (new-horizons:offense.relentlessAssault)","config/newHorizonsPerks.json skills.new-horizons:offense.perks[id=new-horizons:offense.relentlessAssault].effect.status=active; client/windows/NewHorizonsPerkIcons.h -> NH_perk_relentless_assault; four-state descriptor NH_perk_relentless_assault.json","Provisional","Provisional","Purpose-made HoMM3 Art source, exact prompt, 1254x1254 master, 44x44/32x32 reductions, comparison sheet and hashes are retained at assets/new-horizons/art-source/relentless-assault-v1; four distinct runtime states are hash-recorded. Authoritative side-wide activation chaining, Protect/multistrike handling, Battle AI projection, persistence/network state and focused tests are present; native execution, in-game review and explicit user approval remain pending."
"Active perk","No Quarter (new-horizons:offense.noQuarter)","config/newHorizonsPerks.json skills.new-horizons:offense.perks[id=new-horizons:offense.noQuarter].effect.status=active; client/windows/NewHorizonsPerkIcons.h -> NH_perk_no_quarter; four-state descriptor NH_perk_no_quarter.json","Provisional","Provisional","Purpose-made HoMM3 Art source and four 44x44 runtime states are retained under assets/new-horizons/art-source/no-quarter-v1 and Mods/new-horizons/Images. Authoritative melee threshold/effect lifecycle, AI projection, and focused runtime/AI test sources are present; native test/build, in-game review and user-final art approval remain pending."
"Active perk","Iron Discipline (new-horizons:armorer.ironDiscipline)","config/newHorizonsPerks.json skills.new-horizons:armorer.perks[id=new-horizons:armorer.ironDiscipline].effect.status=active; client/windows/NewHorizonsPerkIcons.h -> NH_perk_iron_discipline; four-state descriptor NH_perk_iron_discipline.json","Provisional","Provisional","Purpose-made HoMM3 Art source, exact prompt, 1254x1254 master, 44x44/32x32 exports, comparison sheet and hashes are retained under assets/new-horizons/art-source/iron-discipline-v1; four distinct 44x44 runtime states are hash-checked. Runtime integration requires native verification; user-final approval and in-game visual acceptance remain pending."
"Active perk","Countercharge (new-horizons:armorer.countercharge)","config/newHorizonsPerks.json skills.new-horizons:armorer.perks[id=new-horizons:armorer.countercharge].effect.status=active; client/windows/NewHorizonsPerkIcons.h -> NH_perk_countercharge; four-state descriptor NH_perk_countercharge.json","Provisional","Provisional","Purpose-made HoMM3 Art source, exact prompt, 1254x1254 master, 44x44/32x32 exports and hashes are retained under assets/new-horizons/art-source/countercharge-v1; four distinct 44x44 runtime states are hash-checked. Source and runtime icon guard covers the art; user-final approval and in-game visual acceptance remain pending."
"Active perk","Shield Master (new-horizons:armorer.shieldMaster)","config/newHorizonsPerks.json skills.new-horizons:armorer.perks[id=new-horizons:armorer.shieldMaster].effect.status=active; client/windows/NewHorizonsPerkIcons.h -> NH_perk_shield_master; four-state descriptor NH_perk_shield_master.json","Provisional","Provisional","Purpose-made HoMM3 Art source, exact prompt, 1254x1254 master, 44x44/32x32 exports and hashes are retained under assets/new-horizons/art-source/shield-master-v1; four distinct 44x44 runtime states are hash-checked. Source and runtime icon guard covers the art; user-final approval and in-game visual acceptance remain pending."
"Active perk","Pavise (new-horizons:armorer.pavise)","config/newHorizonsPerks.json and Mods/new-horizons/mod.json skills.new-horizons:armorer.perks[id=new-horizons:armorer.pavise].effect.status=active; client/windows/NewHorizonsPerkIcons.h -> NH_perk_pavise; four-state descriptor NH_perk_pavise.json","Provisional","Provisional","Purpose-made HoMM3 Art source, exact prompt, 1254x1254 master, 44x44/32x32 exports and hashes are retained under assets/new-horizons/art-source/pavise-v1; four distinct 44x44 runtime states are hash-checked. The live binding and active-perk art guard cover this icon; user-final approval and in-game visual acceptance are pending."
"Active perk","Formation Fighting (new-horizons:armorer.formationFighting)","config/newHorizonsPerks.json skills.new-horizons:armorer.perks[id=new-horizons:armorer.formationFighting].effect.status=active; client/windows/NewHorizonsPerkIcons.h unknown-ID fallback=NH_perk_neutral","Provisional","Not done","UP-077 shared adjacency, capped physical reduction and flanking immunity source/native verified (18/18 focused tests). No rendered acceptance or playable promotion. NH_perk_neutral is an unrelated fallback, not purpose-made or approved artwork."
"Planned perk","Unyielding (new-horizons:armorer.unyielding)","config/newHorizonsPerks.json skills.new-horizons:armorer.perks[id=new-horizons:armorer.unyielding].effect.status=planned; client/windows/NewHorizonsPerkIcons.h unknown-ID fallback=NH_perk_neutral","Not done","Not done","Non-live planned entry; no effect/UI or perk-specific icon binding is established. When activated, implement from the gameplay design and add role-appropriate art; the generic fallback is not artwork approval."
"Active perk","Veteran (new-horizons:armorer.veteran)","config/newHorizonsPerks.json skills.new-horizons:armorer.perks[id=new-horizons:armorer.veteran].effect.status=active; client/windows/NewHorizonsPerkIcons.h unknown-ID fallback=NH_perk_neutral","Provisional","Not done","Surviving-wound recovery and combat log are source/native verified: UP078 focused14/14 passes. Purpose-made art is missing; generic fallback is not artwork approval. Rendered/playable acceptance pending."
"Planned perk","Defiant (new-horizons:armorer.defiant)","config/newHorizonsPerks.json skills.new-horizons:armorer.perks[id=new-horizons:armorer.defiant].effect.status=planned; client/windows/NewHorizonsPerkIcons.h unknown-ID fallback=NH_perk_neutral","Not done","Not done","Non-live planned entry; no effect/UI or perk-specific icon binding is established. When activated, implement from the gameplay design and add role-appropriate art; the generic fallback is not artwork approval."
"Planned perk","Last Stand (new-horizons:armorer.lastStand)","config/newHorizonsPerks.json skills.new-horizons:armorer.perks[id=new-horizons:armorer.lastStand].effect.status=planned; client/windows/NewHorizonsPerkIcons.h unknown-ID fallback=NH_perk_neutral","Not done","Not done","Non-live planned entry; no effect/UI or perk-specific icon binding is established. When activated, implement from the gameplay design and add role-appropriate art; the generic fallback is not artwork approval."
"Planned perk","Bastion (new-horizons:armorer.bastion)","config/newHorizonsPerks.json skills.new-horizons:armorer.perks[id=new-horizons:armorer.bastion].effect.status=planned; client/windows/NewHorizonsPerkIcons.h unknown-ID fallback=NH_perk_neutral","Not done","Not done","Non-live planned entry; no effect/UI or perk-specific icon binding is established. When activated, implement from the gameplay design and add role-appropriate art; the generic fallback is not artwork approval."
"Active perk","Target Caller (new-horizons:archery.targetCaller)","config/newHorizonsPerks.json skills.new-horizons:archery.perks[id=new-horizons:archery.targetCaller].effect.status=active; client/windows/NewHorizonsPerkIcons.h unknown-ID fallback=NH_perk_neutral","Not done","Not done","Server feedback and target-order UI are active; no dedicated perk icon binding exists and the neutral fallback is provisional."
"Active perk","Skirmisher (new-horizons:archery.skirmisher)","config/newHorizonsPerks.json skills.new-horizons:archery.perks[id=new-horizons:archery.skirmisher].effect.status=active; client/windows/NewHorizonsPerkIcons.h unknown-ID fallback=NH_perk_neutral","Not done","Not done","Player-directed move-and-shoot action and feedback are active; no dedicated perk icon binding exists and the neutral fallback is provisional."
"Active perk","Point-Blank Shot (new-horizons:archery.pointBlankShot)","config/newHorizonsPerks.json skills.new-horizons:archery.perks[id=new-horizons:archery.pointBlankShot].effect.status=active; client/windows/NewHorizonsPerkIcons.h unknown-ID fallback=NH_perk_neutral","Not done","Not done","Adjacent-target legality, damage forecast and battle-log feedback are active; no dedicated perk icon binding exists and the neutral fallback is provisional."
"Active perk","Counterfire (new-horizons:archery.counterfire)","config/newHorizonsPerks.json skills.new-horizons:archery.perks[id=new-horizons:archery.counterfire].effect.status=active; client/windows/NewHorizonsPerkIcons.h unknown-ID fallback=NH_perk_neutral","Not done","Not done","Authoritative reaction, AI valuation and battle-log feedback are active; no dedicated perk icon binding exists and the neutral fallback is provisional."
"Active perk","Armor-Piercing Shot (new-horizons:archery.armorPiercingShot)","config/newHorizonsPerks.json skills.new-horizons:archery.perks[id=new-horizons:archery.armorPiercingShot].effect.status=active; client/windows/NewHorizonsPerkIcons.h unknown-ID fallback=NH_perk_neutral","Not done","Not done","The defense-penetration mechanic and battle-log feedback are active; dedicated perk icon artwork remains not done."
"Active perk","Suppression (new-horizons:archery.suppression)","config/newHorizonsPerks.json skills.new-horizons:archery.perks[id=new-horizons:archery.suppression].effect.status=active; client/windows/NewHorizonsPerkIcons.h unknown-ID fallback=NH_perk_neutral","Not done","Not done","Activation-scoped Speed reduction and battle-log feedback are active; dedicated perk icon artwork remains not done."
"Active perk","High Arc (new-horizons:archery.highArc)","config/newHorizonsPerks.json skills.new-horizons:archery.perks[id=new-horizons:archery.highArc].effect.status=active; client/windows/NewHorizonsPerkIcons.h unknown-ID fallback=NH_perk_neutral","Not done","Not done","Distance/obstacle modifiers and battle-log feedback are active; dedicated perk icon artwork remains not done."
"Active perk","Crossfire (new-horizons:archery.crossfire)","config/newHorizonsPerks.json skills.new-horizons:archery.perks[id=new-horizons:archery.crossfire].effect.status=active; client/windows/NewHorizonsPerkIcons.h unknown-ID fallback=NH_perk_neutral","Not done","Not done","Round-scoped damage provenance and battle-log feedback are active; dedicated perk icon artwork remains not done."
"Active perk","Deadeye (new-horizons:archery.deadeye)","config/newHorizonsPerks.json skills.new-horizons:archery.perks[id=new-horizons:archery.deadeye].effect.status=active; client/windows/NewHorizonsPerkIcons.h unknown-ID fallback=NH_perk_neutral","Not done","Not done","Per-shooter round use, Counterfire interaction and battle-log feedback are active; dedicated perk icon artwork remains not done."
"Active perk","Rain of Arrows (new-horizons:archery.rainOfArrows)","config/newHorizonsPerks.json skills.new-horizons:archery.perks[id=new-horizons:archery.rainOfArrows].effect.status=active; client/windows/NewHorizonsPerkIcons.h unknown-ID fallback=NH_perk_neutral","Not done","Not done","Once-per-activation area damage and battle-log feedback are active; dedicated perk icon artwork remains not done."
"Planned perk","Tactics (new-horizons:battlecraft.tactics)","config/newHorizonsPerks.json skills.new-horizons:battlecraft.perks[id=new-horizons:battlecraft.tactics].effect.status=planned; client/windows/NewHorizonsPerkIcons.h unknown-ID fallback=NH_perk_neutral","Not done","Not done","Non-live planned entry; no effect/UI or perk-specific icon binding is established. When activated, implement from the gameplay design and add role-appropriate art; the generic fallback is not artwork approval."
"Planned perk","Reserve (new-horizons:battlecraft.reserve)","config/newHorizonsPerks.json skills.new-horizons:battlecraft.perks[id=new-horizons:battlecraft.reserve].effect.status=planned; client/windows/NewHorizonsPerkIcons.h unknown-ID fallback=NH_perk_neutral","Not done","Not done","Non-live planned entry; no effect/UI or perk-specific icon binding is established. When activated, implement from the gameplay design and add role-appropriate art; the generic fallback is not artwork approval."
"Planned perk","Overwatch (new-horizons:battlecraft.overwatch)","config/newHorizonsPerks.json skills.new-horizons:battlecraft.perks[id=new-horizons:battlecraft.overwatch].effect.status=planned; client/windows/NewHorizonsPerkIcons.h unknown-ID fallback=NH_perk_neutral","Not done","Not done","Non-live planned entry; no effect/UI or perk-specific icon binding is established. When activated, implement from the gameplay design and add role-appropriate art; the generic fallback is not artwork approval."
"Planned perk","Pre-emptive Strike (new-horizons:battlecraft.preEmptiveStrike)","config/newHorizonsPerks.json skills.new-horizons:battlecraft.perks[id=new-horizons:battlecraft.preEmptiveStrike].effect.status=planned; client/windows/NewHorizonsPerkIcons.h unknown-ID fallback=NH_perk_neutral","Not done","Not done","Non-live planned entry; no effect/UI or perk-specific icon binding is established. When activated, implement from the gameplay design and add role-appropriate art; the generic fallback is not artwork approval."
"Planned perk","Redeployment (new-horizons:battlecraft.redeployment)","config/newHorizonsPerks.json skills.new-horizons:battlecraft.perks[id=new-horizons:battlecraft.redeployment].effect.status=planned; client/windows/NewHorizonsPerkIcons.h unknown-ID fallback=NH_perk_neutral","Not done","Not done","Non-live planned entry; no effect/UI or perk-specific icon binding is established. When activated, implement from the gameplay design and add role-appropriate art; the generic fallback is not artwork approval."
"Planned perk","Passing Lines (new-horizons:battlecraft.passingLines)","config/newHorizonsPerks.json skills.new-horizons:battlecraft.perks[id=new-horizons:battlecraft.passingLines].effect.status=planned; client/windows/NewHorizonsPerkIcons.h unknown-ID fallback=NH_perk_neutral","Not done","Not done","Non-live planned entry; no effect/UI or perk-specific icon binding is established. When activated, implement from the gameplay design and add role-appropriate art; the generic fallback is not artwork approval."
"Planned perk","Rapid Response (new-horizons:battlecraft.rapidResponse)","config/newHorizonsPerks.json skills.new-horizons:battlecraft.perks[id=new-horizons:battlecraft.rapidResponse].effect.status=planned; client/windows/NewHorizonsPerkIcons.h unknown-ID fallback=NH_perk_neutral","Not done","Not done","Non-live planned entry; no effect/UI or perk-specific icon binding is established. When activated, implement from the gameplay design and add role-appropriate art; the generic fallback is not artwork approval."
"Planned perk","Grand Tactics (new-horizons:battlecraft.grandTactics)","config/newHorizonsPerks.json skills.new-horizons:battlecraft.perks[id=new-horizons:battlecraft.grandTactics].effect.status=planned; client/windows/NewHorizonsPerkIcons.h unknown-ID fallback=NH_perk_neutral","Not done","Not done","Non-live planned entry; no effect/UI or perk-specific icon binding is established. When activated, implement from the gameplay design and add role-appropriate art; the generic fallback is not artwork approval."
"Planned perk","Battlefield Mastery (new-horizons:battlecraft.battlefieldMastery)","config/newHorizonsPerks.json skills.new-horizons:battlecraft.perks[id=new-horizons:battlecraft.battlefieldMastery].effect.status=planned; client/windows/NewHorizonsPerkIcons.h unknown-ID fallback=NH_perk_neutral","Not done","Not done","Non-live planned entry; no effect/UI or perk-specific icon binding is established. When activated, implement from the gameplay design and add role-appropriate art; the generic fallback is not artwork approval."
"Planned perk","Master Gunner (new-horizons:warMachines.masterGunner)","config/newHorizonsPerks.json skills.new-horizons:warMachines.perks[id=new-horizons:warMachines.masterGunner].effect.status=planned; client/windows/NewHorizonsPerkIcons.h unknown-ID fallback=NH_perk_neutral","Not done","Not done","Non-live planned entry; no effect/UI or perk-specific icon binding is established. When activated, implement from the gameplay design and add role-appropriate art; the generic fallback is not artwork approval."
"Planned perk","Precision Bombardment (new-horizons:warMachines.precisionBombardment)","config/newHorizonsPerks.json skills.new-horizons:warMachines.perks[id=new-horizons:warMachines.precisionBombardment].effect.status=planned; client/windows/NewHorizonsPerkIcons.h unknown-ID fallback=NH_perk_neutral","Not done","Not done","Non-live planned entry; no effect/UI or perk-specific icon binding is established. When activated, implement from the gameplay design and add role-appropriate art; the generic fallback is not artwork approval."
"Planned perk","Surgeon (new-horizons:warMachines.surgeon)","config/newHorizonsPerks.json skills.new-horizons:warMachines.perks[id=new-horizons:warMachines.surgeon].effect.status=planned; client/windows/NewHorizonsPerkIcons.h unknown-ID fallback=NH_perk_neutral","Not done","Not done","Non-live planned entry; no effect/UI or perk-specific icon binding is established. When activated, implement from the gameplay design and add role-appropriate art; the generic fallback is not artwork approval."
"Planned perk","Quartermaster (new-horizons:warMachines.quartermaster)","config/newHorizonsPerks.json skills.new-horizons:warMachines.perks[id=new-horizons:warMachines.quartermaster].effect.status=planned; client/windows/NewHorizonsPerkIcons.h unknown-ID fallback=NH_perk_neutral","Not done","Not done","Non-live planned entry; no effect/UI or perk-specific icon binding is established. When activated, implement from the gameplay design and add role-appropriate art; the generic fallback is not artwork approval."
"Planned perk","Piercing Bolts (new-horizons:warMachines.piercingBolts)","config/newHorizonsPerks.json skills.new-horizons:warMachines.perks[id=new-horizons:warMachines.piercingBolts].effect.status=planned; client/windows/NewHorizonsPerkIcons.h unknown-ID fallback=NH_perk_neutral","Not done","Not done","Non-live planned entry; no effect/UI or perk-specific icon binding is established. When activated, implement from the gameplay design and add role-appropriate art; the generic fallback is not artwork approval."
"Planned perk","Breachmaker (new-horizons:warMachines.breachmaker)","config/newHorizonsPerks.json skills.new-horizons:warMachines.perks[id=new-horizons:warMachines.breachmaker].effect.status=planned; client/windows/NewHorizonsPerkIcons.h unknown-ID fallback=NH_perk_neutral","Not done","Not done","Non-live planned entry; no effect/UI or perk-specific icon binding is established. When activated, implement from the gameplay design and add role-appropriate art; the generic fallback is not artwork approval."
"Planned perk","Battlefield Medic (new-horizons:warMachines.battlefieldMedic)","config/newHorizonsPerks.json skills.new-horizons:warMachines.perks[id=new-horizons:warMachines.battlefieldMedic].effect.status=planned; client/windows/NewHorizonsPerkIcons.h unknown-ID fallback=NH_perk_neutral","Not done","Not done","Non-live planned entry; no effect/UI or perk-specific icon binding is established. When activated, implement from the gameplay design and add role-appropriate art; the generic fallback is not artwork approval."
"Planned perk","Field Workshop (new-horizons:warMachines.fieldWorkshop)","config/newHorizonsPerks.json skills.new-horizons:warMachines.perks[id=new-horizons:warMachines.fieldWorkshop].effect.status=planned; client/windows/NewHorizonsPerkIcons.h unknown-ID fallback=NH_perk_neutral","Not done","Not done","Non-live planned entry; no effect/UI or perk-specific icon binding is established. When activated, implement from the gameplay design and add role-appropriate art; the generic fallback is not artwork approval."
"Planned perk","Fortification Engineer (new-horizons:warMachines.fortificationEngineer)","config/newHorizonsPerks.json skills.new-horizons:warMachines.perks[id=new-horizons:warMachines.fortificationEngineer].effect.status=planned; client/windows/NewHorizonsPerkIcons.h unknown-ID fallback=NH_perk_neutral","Not done","Not done","Non-live planned entry; no effect/UI or perk-specific icon binding is established. When activated, implement from the gameplay design and add role-appropriate art; the generic fallback is not artwork approval."
"Planned perk","Counter-Battery (new-horizons:warMachines.counterBattery)","config/newHorizonsPerks.json skills.new-horizons:warMachines.perks[id=new-horizons:warMachines.counterBattery].effect.status=planned; client/windows/NewHorizonsPerkIcons.h unknown-ID fallback=NH_perk_neutral","Not done","Not done","Non-live planned entry; no effect/UI or perk-specific icon binding is established. When activated, implement from the gameplay design and add role-appropriate art; the generic fallback is not artwork approval."
"Planned perk","Steadfast (new-horizons:discipline.steadfast)","config/newHorizonsPerks.json skills.new-horizons:discipline.perks[id=new-horizons:discipline.steadfast].effect.status=planned; client/windows/NewHorizonsPerkIcons.h unknown-ID fallback=NH_perk_neutral","Not done","Not done","Non-live planned entry; no effect/UI or perk-specific icon binding is established. When activated, implement from the gameplay design and add role-appropriate art; the generic fallback is not artwork approval."
"Planned perk","Rally (new-horizons:discipline.rally)","config/newHorizonsPerks.json skills.new-horizons:discipline.perks[id=new-horizons:discipline.rally].effect.status=planned; client/windows/NewHorizonsPerkIcons.h unknown-ID fallback=NH_perk_neutral","Not done","Not done","Non-live planned entry; no effect/UI or perk-specific icon binding is established. When activated, implement from the gameplay design and add role-appropriate art; the generic fallback is not artwork approval."
"Planned perk","Esprit de Corps (new-horizons:discipline.espritDeCorps)","config/newHorizonsPerks.json skills.new-horizons:discipline.perks[id=new-horizons:discipline.espritDeCorps].effect.status=planned; client/windows/NewHorizonsPerkIcons.h unknown-ID fallback=NH_perk_neutral","Not done","Not done","Non-live planned entry; no effect/UI or perk-specific icon binding is established. When activated, implement from the gameplay design and add role-appropriate art; the generic fallback is not artwork approval."
"Planned perk","Standard Bearer (new-horizons:discipline.standardBearer)","config/newHorizonsPerks.json skills.new-horizons:discipline.perks[id=new-horizons:discipline.standardBearer].effect.status=planned; client/windows/NewHorizonsPerkIcons.h unknown-ID fallback=NH_perk_neutral","Not done","Not done","Non-live planned entry; no effect/UI or perk-specific icon binding is established. When activated, implement from the gameplay design and add role-appropriate art; the generic fallback is not artwork approval."
"Planned perk","Fearless (new-horizons:discipline.fearless)","config/newHorizonsPerks.json skills.new-horizons:discipline.perks[id=new-horizons:discipline.fearless].effect.status=planned; client/windows/NewHorizonsPerkIcons.h unknown-ID fallback=NH_perk_neutral","Not done","Not done","Non-live planned entry; no effect/UI or perk-specific icon binding is established. When activated, implement from the gameplay design and add role-appropriate art; the generic fallback is not artwork approval."
"Planned perk","Veteran Cohesion (new-horizons:discipline.veteranCohesion)","config/newHorizonsPerks.json skills.new-horizons:discipline.perks[id=new-horizons:discipline.veteranCohesion].effect.status=planned; client/windows/NewHorizonsPerkIcons.h unknown-ID fallback=NH_perk_neutral","Not done","Not done","Non-live planned entry; no effect/UI or perk-specific icon binding is established. When activated, implement from the gameplay design and add role-appropriate art; the generic fallback is not artwork approval."
"Planned perk","Hold Fast (new-horizons:discipline.holdFast)","config/newHorizonsPerks.json skills.new-horizons:discipline.perks[id=new-horizons:discipline.holdFast].effect.status=planned; client/windows/NewHorizonsPerkIcons.h unknown-ID fallback=NH_perk_neutral","Not done","Not done","Non-live planned entry; no effect/UI or perk-specific icon binding is established. When activated, implement from the gameplay design and add role-appropriate art; the generic fallback is not artwork approval."
"Planned perk","Unbreakable (new-horizons:discipline.unbreakable)","config/newHorizonsPerks.json skills.new-horizons:discipline.perks[id=new-horizons:discipline.unbreakable].effect.status=planned; client/windows/NewHorizonsPerkIcons.h unknown-ID fallback=NH_perk_neutral","Not done","Not done","Non-live planned entry; no effect/UI or perk-specific icon binding is established. When activated, implement from the gameplay design and add role-appropriate art; the generic fallback is not artwork approval."
"Planned perk","Heroic Spirit (new-horizons:discipline.heroicSpirit)","config/newHorizonsPerks.json skills.new-horizons:discipline.perks[id=new-horizons:discipline.heroicSpirit].effect.status=planned; client/windows/NewHorizonsPerkIcons.h unknown-ID fallback=NH_perk_neutral","Not done","Not done","Non-live planned entry; no effect/UI or perk-specific icon binding is established. When activated, implement from the gameplay design and add role-appropriate art; the generic fallback is not artwork approval."
"Planned perk","External Recruiter (new-horizons:recruitment.externalRecruiter)","config/newHorizonsPerks.json skills.new-horizons:recruitment.perks[id=new-horizons:recruitment.externalRecruiter].effect.status=planned; client/windows/NewHorizonsPerkIcons.h unknown-ID fallback=NH_perk_neutral","Not done","Not done","Non-live planned entry; no effect/UI or perk-specific icon binding is established. When activated, implement from the gameplay design and add role-appropriate art; the generic fallback is not artwork approval."
"Planned perk","Drill Sergeant (new-horizons:recruitment.drillSergeant)","config/newHorizonsPerks.json skills.new-horizons:recruitment.perks[id=new-horizons:recruitment.drillSergeant].effect.status=planned; client/windows/NewHorizonsPerkIcons.h unknown-ID fallback=NH_perk_neutral","Not done","Not done","Non-live planned entry; no effect/UI or perk-specific icon binding is established. When activated, implement from the gameplay design and add role-appropriate art; the generic fallback is not artwork approval."
"Planned perk","Broad Muster (new-horizons:recruitment.broadMuster)","config/newHorizonsPerks.json skills.new-horizons:recruitment.perks[id=new-horizons:recruitment.broadMuster].effect.status=planned; client/windows/NewHorizonsPerkIcons.h unknown-ID fallback=NH_perk_neutral","Not done","Not done","Non-live planned entry; no effect/UI or perk-specific icon binding is established. When activated, implement from the gameplay design and add role-appropriate art; the generic fallback is not artwork approval."
"Planned perk","Field Instructor (new-horizons:recruitment.fieldInstructor)","config/newHorizonsPerks.json skills.new-horizons:recruitment.perks[id=new-horizons:recruitment.fieldInstructor].effect.status=planned; client/windows/NewHorizonsPerkIcons.h unknown-ID fallback=NH_perk_neutral","Not done","Not done","Non-live planned entry; no effect/UI or perk-specific icon binding is established. When activated, implement from the gameplay design and add role-appropriate art; the generic fallback is not artwork approval."
"Planned perk","Recruiter's Contacts (new-horizons:recruitment.recruiterSContacts)","config/newHorizonsPerks.json skills.new-horizons:recruitment.perks[id=new-horizons:recruitment.recruiterSContacts].effect.status=planned; client/windows/NewHorizonsPerkIcons.h unknown-ID fallback=NH_perk_neutral","Not done","Not done","Non-live planned entry; no effect/UI or perk-specific icon binding is established. When activated, implement from the gameplay design and add role-appropriate art; the generic fallback is not artwork approval."
"Planned perk","Reinforcement Drill (new-horizons:recruitment.reinforcementDrill)","config/newHorizonsPerks.json skills.new-horizons:recruitment.perks[id=new-horizons:recruitment.reinforcementDrill].effect.status=planned; client/windows/NewHorizonsPerkIcons.h unknown-ID fallback=NH_perk_neutral","Not done","Not done","Non-live planned entry; no effect/UI or perk-specific icon binding is established. When activated, implement from the gameplay design and add role-appropriate art; the generic fallback is not artwork approval."
"Active perk","Aggressive Commander (new-horizons:command.aggressiveCommander)","config/newHorizonsPerks.json skills.new-horizons:command.perks[id=new-horizons:command.aggressiveCommander].effect.status=active; client/windows/NewHorizonsPerkIcons.h unknown-ID fallback=NH_perk_neutral","Provisional","Not done","Shared Order coefficient applies +20 efficiency points to the Attack-derived component only. Both Linux targets build; focused runtime/progression/isolated AI consumers pass 11/11, plus 13 Order guards. Generic selection/help exists; all-Order tactical ranking remains Phase 2. Neutral fallback is not perk art; bespoke art and rendered/playable acceptance remain open."
"Active perk","Defensive Commander (new-horizons:command.defensiveCommander)","config/newHorizonsPerks.json skills.new-horizons:command.perks[id=new-horizons:command.defensiveCommander].effect.status=active; client/windows/NewHorizonsPerkIcons.h unknown-ID fallback=NH_perk_neutral","Provisional","Not done","Shared Order coefficient applies +20 efficiency points to the Defense-derived component only. Both Linux targets build; focused runtime/progression/isolated AI consumers pass 11/11, plus 13 Order guards. Generic selection/help exists; all-Order tactical ranking remains Phase 2. Neutral fallback is not perk art; bespoke art and rendered/playable acceptance remain open."
"Planned perk","Iron Will (new-horizons:command.ironWill)","config/newHorizonsPerks.json skills.new-horizons:command.perks[id=new-horizons:command.ironWill].effect.status=planned; client/windows/NewHorizonsPerkIcons.h unknown-ID fallback=NH_perk_neutral","Not done","Not done","Non-live planned entry; no effect/UI or perk-specific icon binding is established. When activated, implement from the gameplay design and add role-appropriate art; the generic fallback is not artwork approval."
"Planned perk","Battle Plan (new-horizons:command.battlePlan)","config/newHorizonsPerks.json skills.new-horizons:command.perks[id=new-horizons:command.battlePlan].effect.status=planned; client/windows/NewHorizonsPerkIcons.h unknown-ID fallback=NH_perk_neutral","Not done","Not done","Non-live planned entry; no effect/UI or perk-specific icon binding is established. When activated, implement from the gameplay design and add role-appropriate art; the generic fallback is not artwork approval."
"Active perk","Veteran Commander (new-horizons:command.veteranCommander)","config/newHorizonsPerks.json skills.new-horizons:command.perks[id=new-horizons:command.veteranCommander].effect.status=active; client/windows/NewHorizonsPerkIcons.h unknown-ID fallback=NH_perk_neutral","Provisional","Not done","Leadership-derived Order component gains +25 efficiency points without increasing Leadership capacity. Both Linux targets build; focused runtime/progression/isolated AI consumers pass 11/11, plus 13 Order guards. Generic selection/help exists; all-Order tactical ranking remains Phase 2. Neutral fallback is not perk art; bespoke art and rendered/playable acceptance remain open."
"Active perk","Combined Arms (new-horizons:command.combinedArms)","config/newHorizonsPerks.json skills.new-horizons:command.perks[id=new-horizons:command.combinedArms].effect.status=active; client/windows/NewHorizonsPerkIcons.h unknown-ID fallback=NH_perk_neutral","Provisional","Not done","Fractional half bonuses and melee-only Focus Fire admission implemented; Linux client/test build and five focused runtime/actual-AI cases pass. Generic perk selection/help and Order log feedback exist; neutral fallback is not bespoke art. Rendered/playable, normal AI ranking and broad interactions remain open."
"Planned perk","Commanding Presence (new-horizons:command.commandingPresence)","config/newHorizonsPerks.json skills.new-horizons:command.perks[id=new-horizons:command.commandingPresence].effect.status=planned; client/windows/NewHorizonsPerkIcons.h unknown-ID fallback=NH_perk_neutral","Not done","Not done","Non-live planned entry; no effect/UI or perk-specific icon binding is established. When activated, implement from the gameplay design and add role-appropriate art; the generic fallback is not artwork approval."
"Planned perk","Crisis Command (new-horizons:command.crisisCommand)","config/newHorizonsPerks.json skills.new-horizons:command.perks[id=new-horizons:command.crisisCommand].effect.status=planned; client/windows/NewHorizonsPerkIcons.h unknown-ID fallback=NH_perk_neutral","Not done","Not done","Non-live planned entry; no effect/UI or perk-specific icon binding is established. When activated, implement from the gameplay design and add role-appropriate art; the generic fallback is not artwork approval."
"Planned perk","Double Command (new-horizons:command.doubleCommand)","config/newHorizonsPerks.json skills.new-horizons:command.perks[id=new-horizons:command.doubleCommand].effect.status=planned; client/windows/NewHorizonsPerkIcons.h unknown-ID fallback=NH_perk_neutral","Not done","Not done","Non-live planned entry; no effect/UI or perk-specific icon binding is established. When activated, implement from the gameplay design and add role-appropriate art; the generic fallback is not artwork approval."
"Planned perk","Seize Initiative (new-horizons:command.seizeInitiative)","config/newHorizonsPerks.json skills.new-horizons:command.perks[id=new-horizons:command.seizeInitiative].effect.status=planned; client/windows/NewHorizonsPerkIcons.h unknown-ID fallback=NH_perk_neutral","Not done","Not done","Non-live planned entry; no effect/UI or perk-specific icon binding is established. When activated, implement from the gameplay design and add role-appropriate art; the generic fallback is not artwork approval."
"Active perk","Healer (new-horizons:lightMagic.healer)","config/newHorizonsPerks.json skills.new-horizons:lightMagic.perks[id=new-horizons:lightMagic.healer].effect.status=active; client/windows/NewHorizonsPerkIcons.h unknown-ID fallback=NH_perk_neutral","Not done","Not done","Active mechanic; no purpose-made perk icon is bound. The neutral fallback is not art approval and needs Heroes III-style replacement."
"Active perk","Benediction (new-horizons:lightMagic.benediction)","config/newHorizonsPerks.json skills.new-horizons:lightMagic.perks[id=new-horizons:lightMagic.benediction].effect.status=active; client/windows/NewHorizonsPerkIcons.h unknown-ID fallback=NH_perk_neutral","Provisional","Not done","Source perk is active with focused Bless/Benediction native coverage; neutral fallback is not purpose-made art, and rendered/playable acceptance remains pending."
"Planned perk","Sanctuary Keeper (new-horizons:lightMagic.sanctuaryKeeper)","config/newHorizonsPerks.json skills.new-horizons:lightMagic.perks[id=new-horizons:lightMagic.sanctuaryKeeper].effect.status=planned; client/windows/NewHorizonsPerkIcons.h unknown-ID fallback=NH_perk_neutral","Not done","Not done","Non-live planned entry; no effect/UI or perk-specific icon binding is established. When activated, implement from the gameplay design and add role-appropriate art; the generic fallback is not artwork approval."
"Active perk","Guardian (new-horizons:lightMagic.guardian)","config/newHorizonsPerks.json skills.new-horizons:lightMagic.perks[id=new-horizons:lightMagic.guardian].effect.status=active; client/windows/NewHorizonsPerkIcons.h unknown-ID fallback=NH_perk_neutral","Not done","Not done","Active mechanic; no purpose-made perk icon is bound. The neutral fallback is not art approval and needs Heroes III-style replacement."
"Active perk","Aegis (new-horizons:lightMagic.aegis)","config/newHorizonsPerks.json skills.new-horizons:lightMagic.perks[id=new-horizons:lightMagic.aegis].effect.status=active; client/windows/NewHorizonsPerkIcons.h unknown-ID fallback=NH_perk_neutral","Not done","Not done","Active mechanic; no purpose-made perk icon is bound. The neutral fallback is not art approval and needs Heroes III-style replacement."
"Planned perk","Litany (new-horizons:lightMagic.litany)","config/newHorizonsPerks.json skills.new-horizons:lightMagic.perks[id=new-horizons:lightMagic.litany].effect.status=planned; client/windows/NewHorizonsPerkIcons.h unknown-ID fallback=NH_perk_neutral","Not done","Not done","Non-live planned entry; no effect/UI or perk-specific icon binding is established. When activated, implement from the gameplay design and add role-appropriate art; the generic fallback is not artwork approval."
"Active perk","Purifier (new-horizons:lightMagic.purifier)","config/newHorizonsPerks.json skills.new-horizons:lightMagic.perks[id=new-horizons:lightMagic.purifier].effect.status=active; client/windows/NewHorizonsPerkIcons.h unknown-ID fallback=NH_perk_neutral","Provisional","Not done","Purifier's additional physical-affliction removal has focused native server/AI evidence alongside Purify. The generic perk icon is an unapproved fallback, not purpose-made art. In-game rendering and user-final art approval remain open."
"Active perk","Retributionist (new-horizons:lightMagic.retributionist)","config/newHorizonsPerks.json skills.new-horizons:lightMagic.perks[id=new-horizons:lightMagic.retributionist].effect.status=active; client/windows/NewHorizonsPerkIcons.h unknown-ID fallback=NH_perk_neutral","Not done","Not done","The +20% reactive-damage mechanic is active, but no purpose-made perk icon is bound. The generic neutral fallback is not artwork approval; create its icon through the Heroes III art skill."
"Planned perk","Miracle Worker (new-horizons:lightMagic.miracleWorker)","config/newHorizonsPerks.json skills.new-horizons:lightMagic.perks[id=new-horizons:lightMagic.miracleWorker].effect.status=planned; client/windows/NewHorizonsPerkIcons.h unknown-ID fallback=NH_perk_neutral","Not done","Not done","Non-live planned entry; no effect/UI or perk-specific icon binding is established. When activated, implement from the gameplay design and add role-appropriate art; the generic fallback is not artwork approval."
"Active perk","Crusader (new-horizons:lightMagic.crusader)","config/newHorizonsPerks.json skills.new-horizons:lightMagic.perks[id=new-horizons:lightMagic.crusader].effect.status=active; client/windows/NewHorizonsPerkIcons.h unknown-ID fallback=NH_perk_neutral","Provisional","Not done","Extends the full Crusade! effect by one round. The 19-case native Crusade filter passes including Crusader and Echoed Duration stacking. The generic perk fallback is not purpose-made art; rendered/playable and art acceptance remain open."
"Active perk","Malediction (new-horizons:shadowMagic.malediction)","config/newHorizonsPerks.json skills.new-horizons:shadowMagic.perks[id=new-horizons:shadowMagic.malediction].effect.status=active; client/windows/NewHorizonsPerkIcons.h=NH_perk_malediction; Mods/new-horizons/Images/NH_perk_malediction.json","Provisional","Provisional","Purpose-made thorn-bound hourglass created through the HoMM3 art workflow; source master, prompt, reductions, and four runtime states are retained. Native rendering and user approval remain pending."
"Planned perk","Blood Drinker (new-horizons:shadowMagic.bloodDrinker)","config/newHorizonsPerks.json skills.new-horizons:shadowMagic.perks[id=new-horizons:shadowMagic.bloodDrinker].effect.status=planned; client/windows/NewHorizonsPerkIcons.h unknown-ID fallback=NH_perk_neutral","Not done","Not done","Non-live planned entry; no effect/UI or perk-specific icon binding is established. When activated, implement from the gameplay design and add role-appropriate art; the generic fallback is not artwork approval."
"Planned perk","Painweaver (new-horizons:shadowMagic.painweaver)","config/newHorizonsPerks.json skills.new-horizons:shadowMagic.perks[id=new-horizons:shadowMagic.painweaver].effect.status=planned; client/windows/NewHorizonsPerkIcons.h unknown-ID fallback=NH_perk_neutral","Not done","Not done","Non-live planned entry; no effect/UI or perk-specific icon binding is established. When activated, implement from the gameplay design and add role-appropriate art; the generic fallback is not artwork approval."
"Active perk","Withering Touch (new-horizons:shadowMagic.witheringTouch)","config/newHorizonsPerks.json skills.new-horizons:shadowMagic.perks[id=new-horizons:shadowMagic.witheringTouch].effect.status=active; client/windows/NewHorizonsPerkIcons.h=NH_withering_touch; Mods/new-horizons/Images/NH_withering_touch.json; assets/new-horizons/art-source/withering-touch-v1/","Provisional","Provisional","Purpose-made gauntlet-and-corroding-buckler four-state icon is bound to the perk and its +5 percentage-point effect passes focused authoritative tests. Native rendering and user-final approval remain open."
"Planned perk","Plaguebearer (new-horizons:shadowMagic.plaguebearer)","config/newHorizonsPerks.json skills.new-horizons:shadowMagic.perks[id=new-horizons:shadowMagic.plaguebearer].effect.status=planned; client/windows/NewHorizonsPerkIcons.h unknown-ID fallback=NH_perk_neutral; Mods/new-horizons/Images/NH_perk_plaguebearer.json; assets/new-horizons/art-source/plaguebearer-v1/","Not done","Provisional","Purpose-made four-state icon and source provenance exist but remain unbound because the perk effect is not active. Resolve propagation-limit wording, implement the perk, bind its icon, then inspect in-game rendering and seek user-final approval."
"Active perk","Soul Binder (new-horizons:shadowMagic.soulBinder)","config/newHorizonsPerks.json skills.new-horizons:shadowMagic.perks[id=new-horizons:shadowMagic.soulBinder].effect.status=active; client/windows/NewHorizonsPerkIcons.h unknown-ID fallback=NH_perk_neutral","Not done","Not done","Active mechanic; no purpose-made perk icon is bound. The neutral fallback is not art approval and needs Heroes III-style replacement."
"Active perk","Dark Gift (new-horizons:shadowMagic.darkGift)","config/newHorizonsPerks.json skills.new-horizons:shadowMagic.perks[id=new-horizons:shadowMagic.darkGift].effect.status=active; client/windows/NewHorizonsPerkIcons.h unknown-ID fallback=NH_perk_neutral","Not done","Not done","Active mechanic; no purpose-made perk icon is bound. The neutral fallback is not art approval and needs Heroes III-style replacement."
"Active perk","Night Feeder (new-horizons:shadowMagic.nightFeeder)","config/newHorizonsPerks.json skills.new-horizons:shadowMagic.perks[id=new-horizons:shadowMagic.nightFeeder].effect.status=active; client/windows/NewHorizonsPerkIcons.h unknown-ID fallback=NH_perk_neutral","Not done","Not done","Active mechanic; no purpose-made perk icon is bound. The neutral fallback is not art approval and needs Heroes III-style replacement."
"Active perk","Reanimator (new-horizons:shadowMagic.reanimator)","config/newHorizonsPerks.json skills.new-horizons:shadowMagic.perks[id=new-horizons:shadowMagic.reanimator].effect.status=active; client/windows/NewHorizonsPerkIcons.h unknown-ID fallback=NH_perk_neutral","Not done","Not done","Active mechanic; no purpose-made perk icon is bound. The neutral fallback is not art approval and needs Heroes III-style replacement."
"Planned perk","Grand Malediction (new-horizons:shadowMagic.grandMalediction)","config/newHorizonsPerks.json skills.new-horizons:shadowMagic.perks[id=new-horizons:shadowMagic.grandMalediction].effect.status=planned; client/windows/NewHorizonsPerkIcons.h unknown-ID fallback=NH_perk_neutral","Not done","Not done","Non-live planned entry; no effect/UI or perk-specific icon binding is established. When activated, implement from the gameplay design and add role-appropriate art; the generic fallback is not artwork approval."
"Active perk","Herbalist (new-horizons:natureMagic.herbalist)","config/newHorizonsPerks.json skills.new-horizons:natureMagic.perks[id=new-horizons:natureMagic.herbalist].effect.status=active; client/windows/NewHorizonsPerkIcons.h unknown-ID fallback=NH_perk_neutral","Provisional","Not done","Basic Herbalist raises Regeneration's marked-wound rate in the active spell rules; focused authoritative and BattleAI tests pass. Native rendered UI review remains pending. The neutral fallback is not perk-specific art and must be replaced through the HoMM3 art workflow."
"Active perk","Rootcaller (new-horizons:natureMagic.rootcaller)","config/newHorizonsPerks.json skills.new-horizons:natureMagic.perks[id=new-horizons:natureMagic.rootcaller].effect.status=active; client/windows/NewHorizonsPerkIcons.h unknown-ID fallback=NH_perk_neutral","Provisional","Not done","Extends Entangle by one round up to three before common Echoed Duration. The focused 17-case native filter passes including an actual four-round Metamagic follow-up. The neutral fallback is not purpose-made art, and rendered/playable acceptance remains open."
"Planned perk","Venomancer (new-horizons:natureMagic.venomancer)","config/newHorizonsPerks.json skills.new-horizons:natureMagic.perks[id=new-horizons:natureMagic.venomancer].effect.status=planned; client/windows/NewHorizonsPerkIcons.h unknown-ID fallback=NH_perk_neutral","Not done","Not done","Non-live planned entry; no effect/UI or perk-specific icon binding is established. When activated, implement from the gameplay design and add role-appropriate art; the generic fallback is not artwork approval."
"Active perk","Beastcaller (new-horizons:natureMagic.beastcaller)","config/newHorizonsPerks.json skills.new-horizons:natureMagic.perks[id=new-horizons:natureMagic.beastcaller].effect.status=active; client/windows/NewHorizonsPerkIcons.h unknown-ID fallback=NH_perk_neutral","Provisional","Not done","Summon Trolls whole-pool 25% HP modifier has focused native evidence in the ten-case Troll checkpoint. The neutral fallback is not purpose-made art; rendered/playable and final approval remain pending."
"Active perk","Verdant Warden (new-horizons:natureMagic.verdantWarden)","config/newHorizonsPerks.json skills.new-horizons:natureMagic.perks[id=new-horizons:natureMagic.verdantWarden].effect.status=active; client/windows/NewHorizonsPerkIcons.h unknown-ID fallback=NH_perk_neutral","Provisional","Not done","Verdant Prison whole-pool 25% HP modifier in progress; focused native verification pending. Neutral fallback is not purpose-made art; rendered/playable and final approval pending."
"Planned perk","Geomancer (new-horizons:natureMagic.geomancer)","config/newHorizonsPerks.json skills.new-horizons:natureMagic.perks[id=new-horizons:natureMagic.geomancer].effect.status=planned; client/windows/NewHorizonsPerkIcons.h unknown-ID fallback=NH_perk_neutral","Not done","Not done","Non-live planned entry; no effect/UI or perk-specific icon binding is established. When activated, implement from the gameplay design and add role-appropriate art; the generic fallback is not artwork approval."
"Planned perk","Mire Shaper (new-horizons:natureMagic.mireShaper)","config/newHorizonsPerks.json skills.new-horizons:natureMagic.perks[id=new-horizons:natureMagic.mireShaper].effect.status=planned; client/windows/NewHorizonsPerkIcons.h unknown-ID fallback=NH_perk_neutral","Not done","Not done","Non-live planned entry; no effect/UI or perk-specific icon binding is established. When activated, implement from the gameplay design and add role-appropriate art; the generic fallback is not artwork approval."
"Planned perk","Verdant Communion (new-horizons:natureMagic.verdantCommunion)","config/newHorizonsPerks.json skills.new-horizons:natureMagic.perks[id=new-horizons:natureMagic.verdantCommunion].effect.status=planned; client/windows/NewHorizonsPerkIcons.h unknown-ID fallback=NH_perk_neutral","Not done","Not done","Non-live planned entry; no effect/UI or perk-specific icon binding is established. When activated, implement from the gameplay design and add role-appropriate art; the generic fallback is not artwork approval."
"Planned perk","Worldroot (new-horizons:natureMagic.worldroot)","config/newHorizonsPerks.json skills.new-horizons:natureMagic.perks[id=new-horizons:natureMagic.worldroot].effect.status=planned; client/windows/NewHorizonsPerkIcons.h unknown-ID fallback=NH_perk_neutral","Not done","Not done","Non-live planned entry; no effect/UI or perk-specific icon binding is established. When activated, implement from the gameplay design and add role-appropriate art; the generic fallback is not artwork approval."
"Planned perk","Elemental Conjurer (new-horizons:natureMagic.elementalConjurer)","config/newHorizonsPerks.json skills.new-horizons:natureMagic.perks[id=new-horizons:natureMagic.elementalConjurer].effect.status=planned; client/windows/NewHorizonsPerkIcons.h unknown-ID fallback=NH_perk_neutral","Not done","Not done","Non-live planned entry; no effect/UI or perk-specific icon binding is established. When activated, implement from the gameplay design and add role-appropriate art; the generic fallback is not artwork approval."
"Planned perk","Pyromancer (new-horizons:havocMagic.pyromancer)","config/newHorizonsPerks.json skills.new-horizons:havocMagic.perks[id=new-horizons:havocMagic.pyromancer].effect.status=planned; client/windows/NewHorizonsPerkIcons.h unknown-ID fallback=NH_perk_neutral","Not done","Not done","Non-live planned entry; no effect/UI or perk-specific icon binding is established. When activated, implement from the gameplay design and add role-appropriate art; the generic fallback is not artwork approval."
"Planned perk","Cryomancer (new-horizons:havocMagic.cryomancer)","config/newHorizonsPerks.json skills.new-horizons:havocMagic.perks[id=new-horizons:havocMagic.cryomancer].effect.status=planned; client/windows/NewHorizonsPerkIcons.h unknown-ID fallback=NH_perk_neutral","Not done","Not done","Non-live planned entry; no effect/UI or perk-specific icon binding is established. When activated, implement from the gameplay design and add role-appropriate art; the generic fallback is not artwork approval."
"Planned perk","Demolitionist (new-horizons:havocMagic.demolitionist)","config/newHorizonsPerks.json skills.new-horizons:havocMagic.perks[id=new-horizons:havocMagic.demolitionist].effect.status=planned; client/windows/NewHorizonsPerkIcons.h unknown-ID fallback=NH_perk_neutral","Not done","Not done","Non-live planned entry; no effect/UI or perk-specific icon binding is established. When activated, implement from the gameplay design and add role-appropriate art; the generic fallback is not artwork approval."
"Planned perk","Mine Layer (new-horizons:havocMagic.mineLayer)","config/newHorizonsPerks.json skills.new-horizons:havocMagic.perks[id=new-horizons:havocMagic.mineLayer].effect.status=planned; client/windows/NewHorizonsPerkIcons.h unknown-ID fallback=NH_perk_neutral","Not done","Not done","Non-live planned entry; no effect/UI or perk-specific icon binding is established. When activated, implement from the gameplay design and add role-appropriate art; the generic fallback is not artwork approval."
"Planned perk","Meteorologist (new-horizons:havocMagic.meteorologist)","config/newHorizonsPerks.json skills.new-horizons:havocMagic.perks[id=new-horizons:havocMagic.meteorologist].effect.status=planned; client/windows/NewHorizonsPerkIcons.h unknown-ID fallback=NH_perk_neutral","Not done","Not done","Non-live planned entry; no effect/UI or perk-specific icon binding is established. When activated, implement from the gameplay design and add role-appropriate art; the generic fallback is not artwork approval."
"Planned perk","Controlled Blast (new-horizons:havocMagic.controlledBlast)","config/newHorizonsPerks.json skills.new-horizons:havocMagic.perks[id=new-horizons:havocMagic.controlledBlast].effect.status=planned; client/windows/NewHorizonsPerkIcons.h unknown-ID fallback=NH_perk_neutral","Not done","Not done","Non-live planned entry; no effect/UI or perk-specific icon binding is established. When activated, implement from the gameplay design and add role-appropriate art; the generic fallback is not artwork approval."
"Planned perk","Cataclysm (new-horizons:havocMagic.cataclysm)","config/newHorizonsPerks.json skills.new-horizons:havocMagic.perks[id=new-horizons:havocMagic.cataclysm].effect.status=planned; client/windows/NewHorizonsPerkIcons.h unknown-ID fallback=NH_perk_neutral","Not done","Not done","Non-live planned entry; no effect/UI or perk-specific icon binding is established. When activated, implement from the gameplay design and add role-appropriate art; the generic fallback is not artwork approval."
"Active perk","Misfortune Weaver (new-horizons:chaosMagic.misfortuneWeaver)","config/newHorizonsPerks.json skills.new-horizons:chaosMagic.perks[id=new-horizons:chaosMagic.misfortuneWeaver].effect.status=active; scripts/spells/timed.lua; client/windows/NewHorizonsPerkIcons.h unknown-ID fallback=NH_perk_neutral","Provisional","Not done","Timed favorable-creature multiplier, selected perk and spell help are source/native verified with actual AI casting and expiry/Dispel evidence. Generic fallback is not bespoke artwork; rendered/playable approval remains open."
"Active perk","Blinkmaster (new-horizons:chaosMagic.blinkmaster)","config/newHorizonsPerks.json skills.new-horizons:chaosMagic.perks[id=new-horizons:chaosMagic.blinkmaster].effect.status=active; lib/spells/NewHorizonsBlink.cpp; client/windows/NewHorizonsPerkIcons.h unknown-ID fallback=NH_perk_neutral","Provisional","Not done","Shared farther-of-two independent-draw selection and deterministic hex ties are in source; native/build evidence is pending. Generic fallback is not bespoke artwork; perk-specific art and rendered/playable approval remain open."
"Planned perk","Confounder (new-horizons:chaosMagic.confounder)","config/newHorizonsPerks.json skills.new-horizons:chaosMagic.perks[id=new-horizons:chaosMagic.confounder].effect.status=planned; client/windows/NewHorizonsPerkIcons.h unknown-ID fallback=NH_perk_neutral","Not done","Not done","Non-live planned entry; no effect/UI or perk-specific icon binding is established. When activated, implement from the gameplay design and add role-appropriate art; the generic fallback is not artwork approval."
"Planned perk","Frenzied Curse (new-horizons:chaosMagic.frenziedCurse)","config/newHorizonsPerks.json skills.new-horizons:chaosMagic.perks[id=new-horizons:chaosMagic.frenziedCurse].effect.status=planned; client/windows/NewHorizonsPerkIcons.h unknown-ID fallback=NH_perk_neutral","Not done","Not done","Non-live planned entry; no effect/UI or perk-specific icon binding is established. When activated, implement from the gameplay design and add role-appropriate art; the generic fallback is not artwork approval."
"Planned perk","Mindbreaker (new-horizons:chaosMagic.mindbreaker)","config/newHorizonsPerks.json skills.new-horizons:chaosMagic.perks[id=new-horizons:chaosMagic.mindbreaker].effect.status=planned; client/windows/NewHorizonsPerkIcons.h unknown-ID fallback=NH_perk_neutral","Not done","Not done","Non-live planned entry; no effect/UI or perk-specific icon binding is established. When activated, implement from the gameplay design and add role-appropriate art; the generic fallback is not artwork approval."
"Planned perk","Shapeshifter (new-horizons:chaosMagic.shapeshifter)","config/newHorizonsPerks.json skills.new-horizons:chaosMagic.perks[id=new-horizons:chaosMagic.shapeshifter].effect.status=planned; client/windows/NewHorizonsPerkIcons.h unknown-ID fallback=NH_perk_neutral","Not done","Not done","Non-live planned entry; no effect/UI or perk-specific icon binding is established. When activated, implement from the gameplay design and add role-appropriate art; the generic fallback is not artwork approval."
"Planned perk","Fate Dealer (new-horizons:chaosMagic.fateDealer)","config/newHorizonsPerks.json skills.new-horizons:chaosMagic.perks[id=new-horizons:chaosMagic.fateDealer].effect.status=planned; client/windows/NewHorizonsPerkIcons.h unknown-ID fallback=NH_perk_neutral","Not done","Not done","Non-live planned entry; no effect/UI or perk-specific icon binding is established. When activated, implement from the gameplay design and add role-appropriate art; the generic fallback is not artwork approval."
"Planned perk","Reality Breaker (new-horizons:chaosMagic.realityBreaker)","config/newHorizonsPerks.json skills.new-horizons:chaosMagic.perks[id=new-horizons:chaosMagic.realityBreaker].effect.status=planned; client/windows/NewHorizonsPerkIcons.h unknown-ID fallback=NH_perk_neutral","Not done","Not done","Non-live planned entry; no effect/UI or perk-specific icon binding is established. When activated, implement from the gameplay design and add role-appropriate art; the generic fallback is not artwork approval."
"Planned perk","Pandemonium Master (new-horizons:chaosMagic.pandemoniumMaster)","config/newHorizonsPerks.json skills.new-horizons:chaosMagic.perks[id=new-horizons:chaosMagic.pandemoniumMaster].effect.status=planned; client/windows/NewHorizonsPerkIcons.h unknown-ID fallback=NH_perk_neutral","Not done","Not done","Non-live planned entry; no effect/UI or perk-specific icon binding is established. When activated, implement from the gameplay design and add role-appropriate art; the generic fallback is not artwork approval."
"Active perk","Paradox Shield (new-horizons:chaosMagic.paradoxShield)","config/newHorizonsPerks.json skills.new-horizons:chaosMagic.perks[id=new-horizons:chaosMagic.paradoxShield].effect.status=active; client/windows/NewHorizonsPerkIcons.h unknown-ID fallback=NH_perk_neutral","Not done","Not done","UP-063 runtime adds ten percentage points after the base Shield cap, respecting the global physical cap. Generic fallback is not artwork approval; bespoke perk art and rendered verification remain open."
"Planned perk","Cross-School Formula (new-horizons:spellcraft.crossSchoolFormula)","config/newHorizonsPerks.json skills.new-horizons:spellcraft.perks[id=new-horizons:spellcraft.crossSchoolFormula].effect.status=planned; client/windows/NewHorizonsPerkIcons.h unknown-ID fallback=NH_perk_neutral","Not done","Not done","Non-live planned entry; no effect/UI or perk-specific icon binding is established. When activated, implement from the gameplay design and add role-appropriate art; the generic fallback is not artwork approval."
"Active perk","Spell Penetration (new-horizons:spellcraft.spellPenetration)","config/newHorizonsPerks.json skills.new-horizons:spellcraft.perks[id=new-horizons:spellcraft.spellPenetration].effect.status=active; client/windows/NewHorizonsPerkIcons.h=NH_perk_spell_penetration; Mods/new-horizons/Images/NH_perk_spell_penetration.json; assets/new-horizons/art-source/spell-penetration-v1/","Provisional","Provisional","Purpose-made lance-through-ward painting has four 44x44 runtime states and retained 1254x1254 master, exact prompt, 44x44/32x32 reductions, comparison, and source/runtime hashes. Active perk art checker validates binding, dimensions, hashes and uniqueness. Native game rendering/playable acceptance and final visual approval remain pending."
"Planned perk","Concentration (new-horizons:spellcraft.concentration)","config/newHorizonsPerks.json skills.new-horizons:spellcraft.perks[id=new-horizons:spellcraft.concentration].effect.status=planned; client/windows/NewHorizonsPerkIcons.h unknown-ID fallback=NH_perk_neutral","Not done","Not done","Non-live planned entry; no effect/UI or perk-specific icon binding is established. When activated, implement from the gameplay design and add role-appropriate art; the generic fallback is not artwork approval."
"Active perk","Arcane Focus (new-horizons:spellcraft.arcaneFocus)","config/newHorizonsPerks.json skills.new-horizons:spellcraft.perks[id=new-horizons:spellcraft.arcaneFocus].effect.status=active; client/windows/NewHorizonsPerkIcons.h unknown-ID fallback=NH_perk_neutral","Provisional","Not done","UP-067 first-cast SP-component snapshot builds and passes focused runtime/AI execution (27/27 with direct guards). Generic fallback permits interaction but is not purpose-made art. Broader interactions, playable and visual approval remain pending."
"Planned perk","Extend Spell (new-horizons:spellcraft.extendSpell)","config/newHorizonsPerks.json skills.new-horizons:spellcraft.perks[id=new-horizons:spellcraft.extendSpell].effect.status=planned; client/windows/NewHorizonsPerkIcons.h unknown-ID fallback=NH_perk_neutral","Not done","Not done","Non-live planned entry; no effect/UI or perk-specific icon binding is established. When activated, implement from the gameplay design and add role-appropriate art; the generic fallback is not artwork approval."
"Planned perk","Precise Casting (new-horizons:spellcraft.preciseCasting)","config/newHorizonsPerks.json skills.new-horizons:spellcraft.perks[id=new-horizons:spellcraft.preciseCasting].effect.status=planned; client/windows/NewHorizonsPerkIcons.h unknown-ID fallback=NH_perk_neutral","Not done","Not done","Non-live planned entry; no effect/UI or perk-specific icon binding is established. When activated, implement from the gameplay design and add role-appropriate art; the generic fallback is not artwork approval."
"Active perk","Empower Spell (new-horizons:spellcraft.empowerSpell)","config/newHorizonsPerks.json skills.new-horizons:spellcraft.perks[id=new-horizons:spellcraft.empowerSpell].effect.status=active; client/windows/NewHorizonsPerkIcons.h=NH_perk_empower_spell; Mods/new-horizons/Images/NH_perk_empower_spell.json (four 44x44 states); assets/new-horizons/art-source/empower-spell-v1/","Provisional","Provisional","Purpose-made focus-crystal painting has four 44x44 runtime states and retained 1254x1254 master, exact prompt, 44x44/32x32 reductions, comparison, and source/runtime hashes. The focused art checks validate the binding, dimensions, descriptor, hashes, and unique normal art; the global active-perk checker still reports the 21 pre-existing unmapped perks. Native game rendering/playable acceptance and final visual approval remain pending."
"Planned perk","Counterpressure (new-horizons:spellcraft.counterpressure)","config/newHorizonsPerks.json skills.new-horizons:spellcraft.perks[id=new-horizons:spellcraft.counterpressure].effect.status=planned; client/windows/NewHorizonsPerkIcons.h unknown-ID fallback=NH_perk_neutral","Not done","Not done","Non-live planned entry; no effect/UI or perk-specific icon binding is established. When activated, implement from the gameplay design and add role-appropriate art; the generic fallback is not artwork approval."
"Active perk","Grand Formula (new-horizons:spellcraft.grandFormula)","config/newHorizonsPerks.json skills.new-horizons:spellcraft.perks[id=new-horizons:spellcraft.grandFormula].effect.status=active; client/windows/NewHorizonsPerkIcons.h unknown-ID fallback=NH_perk_neutral","Provisional","Not done","UP-069 source/native verified in focused run45801; no rendered or playable claim. The generic fallback permits interaction but is not purpose-made artwork."
"Planned perk","Overwhelming Formula (new-horizons:spellcraft.overwhelmingFormula)","config/newHorizonsPerks.json skills.new-horizons:spellcraft.perks[id=new-horizons:spellcraft.overwhelmingFormula].effect.status=planned; client/windows/NewHorizonsPerkIcons.h unknown-ID fallback=NH_perk_neutral","Not done","Not done","Non-live planned entry; no effect/UI or perk-specific icon binding is established. When activated, implement from the gameplay design and add role-appropriate art; the generic fallback is not artwork approval."
"Active perk","Intelligence (new-horizons:wisdom.intelligence)","NH_perk_intelligence; client/windows/NewHorizonsPerkIcons.h; four-state descriptor NH_perk_intelligence.json","Provisional","Provisional","Purpose-made sapphire mind-crystal/spellbook art is bound with four runtime states; source, exact prompt, exports and hashes are retained under active-perks-v5. User-final visual approval and in-game review are not recorded."
"Active perk","Mysticism (new-horizons:wisdom.mysticism)","config/newHorizonsPerks.json skills.new-horizons:wisdom.perks[id=new-horizons:wisdom.mysticism].effect.status=active; client/windows/NewHorizonsPerkIcons.h unknown-ID fallback=NH_perk_neutral","Provisional","Not done","Daily Normal-Mana recovery implemented; Linux client/test build and six focused native cases plus 30 capacity/pool guards pass. Generic selection/help retains canonical daily-recovery text. Neutral fallback is not bespoke art; strategic AI ranking, broad interactions and rendered/playable acceptance remain open."
"Planned perk","Arcane Memory (new-horizons:wisdom.arcaneMemory)","config/newHorizonsPerks.json skills.new-horizons:wisdom.perks[id=new-horizons:wisdom.arcaneMemory].effect.status=planned; client/windows/NewHorizonsPerkIcons.h unknown-ID fallback=NH_perk_neutral","Provisional","Not done","Source reviewed; focused scroll/provenance/completion cases pass. Activation awaits neutral Adventure acquisition policy. Generic selection/help and learned-spell UI are available in explicit test activation. Neutral fallback is not bespoke art; rendered/playable acceptance remains open."
"Active perk","Prepared Caster (new-horizons:wisdom.preparedCaster)","config/newHorizonsPerks.json skills.new-horizons:wisdom.perks[id=new-horizons:wisdom.preparedCaster].effect.status=active; client/windows/NewHorizonsPerkIcons.h unknown-ID fallback=NH_perk_neutral","Provisional","Not done","Shared first-accepted-combat-spell discount, saved state and detached AI implemented; both Linux targets build and ten focused runtime/actual-AI cases pass. Generic selection/help is available. Neutral fallback is not bespoke art; rendered/playable acceptance remains open."
"Planned perk","Sage (new-horizons:wisdom.sage)","config/newHorizonsPerks.json skills.new-horizons:wisdom.perks[id=new-horizons:wisdom.sage].effect.status=planned; client/windows/NewHorizonsPerkIcons.h unknown-ID fallback=NH_perk_neutral","Not done","Not done","Non-live planned entry; no effect/UI or perk-specific icon binding is established. When activated, implement from the gameplay design and add role-appropriate art; the generic fallback is not artwork approval."
"Active perk","Meditation (new-horizons:wisdom.meditation)","config/newHorizonsPerks.json skills.new-horizons:wisdom.perks[id=new-horizons:wisdom.meditation].effect.status=active; client/windows/NewHorizonsPerkIcons.h unknown-ID fallback=NH_perk_neutral","Provisional","Not done","Shared day-completion recovery builds and passes five new native cases plus 22 capacity guards, 27/27, zero skips. Generic selection/help is available. Neutral fallback is not bespoke art; rendered/playable acceptance remains open."
"Active perk","Mana Conservation (new-horizons:wisdom.manaConservation)","config/newHorizonsPerks.json skills.new-horizons:wisdom.perks[id=new-horizons:wisdom.manaConservation].effect.status=active; client/windows/NewHorizonsPerkIcons.h unknown-ID fallback=NH_perk_neutral","Provisional","Not done","Accepted-cost ledger and post-combat Normal restoration pass ten native cases in run 65013; build 66640 passes. Playable promotion remains pending. Perk-specific artwork is not done; the neutral fallback is not artwork approval."
"Active perk","Deep Knowledge (new-horizons:wisdom.deepKnowledge)","config/newHorizonsPerks.json skills.new-horizons:wisdom.perks[id=new-horizons:wisdom.deepKnowledge].effect.status=active; client/windows/NewHorizonsPerkIcons.h unknown-ID fallback=NH_perk_neutral","Provisional","Not done","Shared growth chance builds and passes four new native cases plus nine growth guards, 13/13, zero skips. Generic selection/help and shared growth forecast are available. Neutral fallback is not bespoke art; strategic AI acquisition and rendered/playable acceptance remain open."
"Active perk","Archmage (new-horizons:wisdom.archmage)","config/newHorizonsPerks.json skills.new-horizons:wisdom.perks[id=new-horizons:wisdom.archmage].effect.status=active; client/windows/NewHorizonsPerkIcons.h unknown-ID fallback=NH_perk_neutral","Provisional","Not done","Shared first Level 4/5 discount and saved completion history build and pass runtime/actual-AI plus direct lifecycle guards, 24/24, zero skips. Shared cost readouts and generic perk UI are available; neutral fallback is not bespoke art. Rendered/playable acceptance remains open."
"Active perk","Arcane Reservoir (new-horizons:wisdom.arcaneReservoir)","config/newHorizonsPerks.json skills.new-horizons:wisdom.perks[id=new-horizons:wisdom.arcaneReservoir].effect.status=active; client/windows/NewHorizonsPerkIcons.h unknown-ID fallback=NH_perk_neutral","Provisional","Not done","Flat normal-capacity perk builds and passes four native cases plus 27 capacity guards, 31/31, zero skips. Generic selection/help and shared Mana readouts are available. Neutral fallback is not bespoke art; rendered/playable acceptance remains open."
"Planned perk","Spellward (new-horizons:warcasting.spellward)","config/newHorizonsPerks.json skills.new-horizons:warcasting.perks[id=new-horizons:warcasting.spellward].effect.status=planned; client/windows/NewHorizonsPerkIcons.h unknown-ID fallback=NH_perk_neutral","Not done","Not done","Non-live planned entry; no effect/UI or perk-specific icon binding is established. When activated, implement from the gameplay design and add role-appropriate art; the generic fallback is not artwork approval."
"Planned perk","Enchanted Command (new-horizons:warcasting.enchantedCommand)","config/newHorizonsPerks.json skills.new-horizons:warcasting.perks[id=new-horizons:warcasting.enchantedCommand].effect.status=planned; client/windows/NewHorizonsPerkIcons.h unknown-ID fallback=NH_perk_neutral","Not done","Not done","Non-live planned entry; no effect/UI or perk-specific icon binding is established. When activated, implement from the gameplay design and add role-appropriate art; the generic fallback is not artwork approval."
"Planned perk","Combat Casting (new-horizons:warcasting.combatCasting)","config/newHorizonsPerks.json skills.new-horizons:warcasting.perks[id=new-horizons:warcasting.combatCasting].effect.status=planned; client/windows/NewHorizonsPerkIcons.h unknown-ID fallback=NH_perk_neutral","Not done","Not done","Non-live planned entry; no effect/UI or perk-specific icon binding is established. When activated, implement from the gameplay design and add role-appropriate art; the generic fallback is not artwork approval."
"Planned perk","Reactive Weave (new-horizons:warcasting.reactiveWeave)","config/newHorizonsPerks.json skills.new-horizons:warcasting.perks[id=new-horizons:warcasting.reactiveWeave].effect.status=planned; client/windows/NewHorizonsPerkIcons.h unknown-ID fallback=NH_perk_neutral","Not done","Not done","Non-live planned entry; no effect/UI or perk-specific icon binding is established. When activated, implement from the gameplay design and add role-appropriate art; the generic fallback is not artwork approval."
"Planned perk","Perfect Rhythm (new-horizons:warcasting.perfectRhythm)","config/newHorizonsPerks.json skills.new-horizons:warcasting.perks[id=new-horizons:warcasting.perfectRhythm].effect.status=planned; client/windows/NewHorizonsPerkIcons.h unknown-ID fallback=NH_perk_neutral","Not done","Not done","Non-live planned entry; no effect/UI or perk-specific icon binding is established. When activated, implement from the gameplay design and add role-appropriate art; the generic fallback is not artwork approval."
"Planned perk","Master Synthesis (new-horizons:warcasting.masterSynthesis)","config/newHorizonsPerks.json skills.new-horizons:warcasting.perks[id=new-horizons:warcasting.masterSynthesis].effect.status=planned; client/windows/NewHorizonsPerkIcons.h unknown-ID fallback=NH_perk_neutral","Not done","Not done","Non-live planned entry; no effect/UI or perk-specific icon binding is established. When activated, implement from the gameplay design and add role-appropriate art; the generic fallback is not artwork approval."
"Active perk","Pathfinding (new-horizons:logistics.pathfinding)","NH_perk_pathfinding; client/windows/NewHorizonsPerkIcons.h; four-state descriptor NH_perk_pathfinding.json","Provisional","Provisional","Purpose-made boot/safe-trail art is bound with four runtime states; terrain-surcharge reduction uses shared movement rules. Source, prompt and hashes are retained under active-perks-v5; final visual approval remains pending."
"Active perk","Navigation (new-horizons:logistics.navigation)","NH_perk_navigation; client/windows/NewHorizonsPerkIcons.h; four-state descriptor NH_perk_navigation.json","Provisional","Provisional","Purpose-made sextant/compass art is bound with four runtime states; sea capacity and boarding discounts have native regression coverage. Final visual approval remains pending."
"Active perk","Scouting (new-horizons:logistics.scouting)","NH_perk_scouting; client/windows/NewHorizonsPerkIcons.h; four-state descriptor NH_perk_scouting.json","Provisional","Provisional","Purpose-made spyglass/revealed-terrain art is bound with four runtime states; sight-radius increase and immediate reveal are implemented. Final visual approval remains pending."
"Planned perk","Forced March (new-horizons:logistics.forcedMarch)","config/newHorizonsPerks.json skills.new-horizons:logistics.perks[id=new-horizons:logistics.forcedMarch].effect.status=planned; client/windows/NewHorizonsPerkIcons.h unknown-ID fallback=NH_perk_neutral","Not done","Not done","Non-live planned entry; no effect/UI or perk-specific icon binding is established. When activated, implement from the gameplay design and add role-appropriate art; the generic fallback is not artwork approval."
"Planned perk","Roadmaster (new-horizons:logistics.roadmaster)","config/newHorizonsPerks.json skills.new-horizons:logistics.perks[id=new-horizons:logistics.roadmaster].effect.status=planned; client/windows/NewHorizonsPerkIcons.h unknown-ID fallback=NH_perk_neutral","Not done","Not done","Non-live planned entry; no effect/UI or perk-specific icon binding is established. When activated, implement from the gameplay design and add role-appropriate art; the generic fallback is not artwork approval."
"Planned perk","Mountaineer (new-horizons:logistics.mountaineer)","config/newHorizonsPerks.json skills.new-horizons:logistics.perks[id=new-horizons:logistics.mountaineer].effect.status=planned; client/windows/NewHorizonsPerkIcons.h unknown-ID fallback=NH_perk_neutral","Not done","Not done","Non-live planned entry; no effect/UI or perk-specific icon binding is established. When activated, implement from the gameplay design and add role-appropriate art; the generic fallback is not artwork approval."
"Planned perk","Rapid Embarkation (new-horizons:logistics.rapidEmbarkation)","config/newHorizonsPerks.json skills.new-horizons:logistics.perks[id=new-horizons:logistics.rapidEmbarkation].effect.status=planned; client/windows/NewHorizonsPerkIcons.h unknown-ID fallback=NH_perk_neutral","Not done","Not done","Non-live planned entry; no effect/UI or perk-specific icon binding is established. When activated, implement from the gameplay design and add role-appropriate art; the generic fallback is not artwork approval."
"Planned perk","Pursuit March (new-horizons:logistics.pursuitMarch)","config/newHorizonsPerks.json skills.new-horizons:logistics.perks[id=new-horizons:logistics.pursuitMarch].effect.status=planned; client/windows/NewHorizonsPerkIcons.h unknown-ID fallback=NH_perk_neutral","Not done","Not done","Non-live planned entry; no effect/UI or perk-specific icon binding is established. When activated, implement from the gameplay design and add role-appropriate art; the generic fallback is not artwork approval."
"Planned perk","Wayfarer (new-horizons:logistics.wayfarer)","config/newHorizonsPerks.json skills.new-horizons:logistics.perks[id=new-horizons:logistics.wayfarer].effect.status=planned; client/windows/NewHorizonsPerkIcons.h unknown-ID fallback=NH_perk_neutral","Not done","Not done","Non-live planned entry; no effect/UI or perk-specific icon binding is established. When activated, implement from the gameplay design and add role-appropriate art; the generic fallback is not artwork approval."
"Planned perk","Master Logistician (new-horizons:logistics.masterLogistician)","config/newHorizonsPerks.json skills.new-horizons:logistics.perks[id=new-horizons:logistics.masterLogistician].effect.status=planned; client/windows/NewHorizonsPerkIcons.h unknown-ID fallback=NH_perk_neutral","Not done","Not done","Non-live planned entry; no effect/UI or perk-specific icon binding is established. When activated, implement from the gameplay design and add role-appropriate art; the generic fallback is not artwork approval."
"Planned perk","Negotiator (new-horizons:diplomacy.negotiator)","config/newHorizonsPerks.json skills.new-horizons:diplomacy.perks[id=new-horizons:diplomacy.negotiator].effect.status=planned; client/windows/NewHorizonsPerkIcons.h unknown-ID fallback=NH_perk_neutral","Not done","Not done","Non-live planned entry; no effect/UI or perk-specific icon binding is established. When activated, implement from the gameplay design and add role-appropriate art; the generic fallback is not artwork approval."
"Planned perk","Peacemaker (new-horizons:diplomacy.peacemaker)","config/newHorizonsPerks.json skills.new-horizons:diplomacy.perks[id=new-horizons:diplomacy.peacemaker].effect.status=planned; client/windows/NewHorizonsPerkIcons.h unknown-ID fallback=NH_perk_neutral","Not done","Not done","Non-live planned entry; no effect/UI or perk-specific icon binding is established. When activated, implement from the gameplay design and add role-appropriate art; the generic fallback is not artwork approval."
"Planned perk","Envoy (new-horizons:diplomacy.envoy)","config/newHorizonsPerks.json skills.new-horizons:diplomacy.perks[id=new-horizons:diplomacy.envoy].effect.status=planned; client/windows/NewHorizonsPerkIcons.h unknown-ID fallback=NH_perk_neutral","Not done","Not done","Non-live planned entry; no effect/UI or perk-specific icon binding is established. When activated, implement from the gameplay design and add role-appropriate art; the generic fallback is not artwork approval."
"Planned perk","Mercenary Captain (new-horizons:diplomacy.mercenaryCaptain)","config/newHorizonsPerks.json skills.new-horizons:diplomacy.perks[id=new-horizons:diplomacy.mercenaryCaptain].effect.status=planned; client/windows/NewHorizonsPerkIcons.h unknown-ID fallback=NH_perk_neutral","Not done","Not done","Non-live planned entry; no effect/UI or perk-specific icon binding is established. When activated, implement from the gameplay design and add role-appropriate art; the generic fallback is not artwork approval."
"Planned perk","Common Cause (new-horizons:diplomacy.commonCause)","config/newHorizonsPerks.json skills.new-horizons:diplomacy.perks[id=new-horizons:diplomacy.commonCause].effect.status=planned; client/windows/NewHorizonsPerkIcons.h unknown-ID fallback=NH_perk_neutral","Not done","Not done","Non-live planned entry; no effect/UI or perk-specific icon binding is established. When activated, implement from the gameplay design and add role-appropriate art; the generic fallback is not artwork approval."
"Planned perk","Tribute (new-horizons:diplomacy.tribute)","config/newHorizonsPerks.json skills.new-horizons:diplomacy.perks[id=new-horizons:diplomacy.tribute].effect.status=planned; client/windows/NewHorizonsPerkIcons.h unknown-ID fallback=NH_perk_neutral","Not done","Not done","Non-live planned entry; no effect/UI or perk-specific icon binding is established. When activated, implement from the gameplay design and add role-appropriate art; the generic fallback is not artwork approval."
"Planned perk","Loyal Mercenaries (new-horizons:diplomacy.loyalMercenaries)","config/newHorizonsPerks.json skills.new-horizons:diplomacy.perks[id=new-horizons:diplomacy.loyalMercenaries].effect.status=planned; client/windows/NewHorizonsPerkIcons.h unknown-ID fallback=NH_perk_neutral","Not done","Not done","Non-live planned entry; no effect/UI or perk-specific icon binding is established. When activated, implement from the gameplay design and add role-appropriate art; the generic fallback is not artwork approval."
"Planned perk","Recruitment Pact (new-horizons:diplomacy.recruitmentPact)","config/newHorizonsPerks.json skills.new-horizons:diplomacy.perks[id=new-horizons:diplomacy.recruitmentPact].effect.status=planned; client/windows/NewHorizonsPerkIcons.h unknown-ID fallback=NH_perk_neutral","Not done","Not done","Non-live planned entry; no effect/UI or perk-specific icon binding is established. When activated, implement from the gameplay design and add role-appropriate art; the generic fallback is not artwork approval."
"Planned perk","Grand Diplomat (new-horizons:diplomacy.grandDiplomat)","config/newHorizonsPerks.json skills.new-horizons:diplomacy.perks[id=new-horizons:diplomacy.grandDiplomat].effect.status=planned; client/windows/NewHorizonsPerkIcons.h unknown-ID fallback=NH_perk_neutral","Not done","Not done","Non-live planned entry; no effect/UI or perk-specific icon binding is established. When activated, implement from the gameplay design and add role-appropriate art; the generic fallback is not artwork approval."
"Planned perk","Legendary Reputation (new-horizons:diplomacy.legendaryReputation)","config/newHorizonsPerks.json skills.new-horizons:diplomacy.perks[id=new-horizons:diplomacy.legendaryReputation].effect.status=planned; client/windows/NewHorizonsPerkIcons.h unknown-ID fallback=NH_perk_neutral","Not done","Not done","Non-live planned entry; no effect/UI or perk-specific icon binding is established. When activated, implement from the gameplay design and add role-appropriate art; the generic fallback is not artwork approval."
"Active perk","Tax Collector (new-horizons:estates.taxCollector)","config/newHorizonsPerks.json skills.new-horizons:estates.perks[id=new-horizons:estates.taxCollector].effect.status=active; client/windows/NewHorizonsPerkIcons.h unknown-ID fallback=NH_perk_neutral","Provisional","Not done","UP-070 source/native daily-income and AI verified in run45801; no rendered or playable claim. Generic fallback permits interaction but is not purpose-made artwork."
"Planned perk","Land Surveyor (new-horizons:estates.landSurveyor)","config/newHorizonsPerks.json skills.new-horizons:estates.perks[id=new-horizons:estates.landSurveyor].effect.status=planned; client/windows/NewHorizonsPerkIcons.h unknown-ID fallback=NH_perk_neutral","Not done","Not done","Non-live planned entry; no effect/UI or perk-specific icon binding is established. When activated, implement from the gameplay design and add role-appropriate art; the generic fallback is not artwork approval."
"Planned perk","Prospector (new-horizons:estates.prospector)","config/newHorizonsPerks.json skills.new-horizons:estates.perks[id=new-horizons:estates.prospector].effect.status=planned; client/windows/NewHorizonsPerkIcons.h unknown-ID fallback=NH_perk_neutral","Not done","Not done","Non-live planned entry; no effect/UI or perk-specific icon binding is established. When activated, implement from the gameplay design and add role-appropriate art; the generic fallback is not artwork approval."
"Planned perk","Merchant Prince (new-horizons:estates.merchantPrince)","config/newHorizonsPerks.json skills.new-horizons:estates.perks[id=new-horizons:estates.merchantPrince].effect.status=planned; client/windows/NewHorizonsPerkIcons.h unknown-ID fallback=NH_perk_neutral","Not done","Not done","Non-live planned entry; no effect/UI or perk-specific icon binding is established. When activated, implement from the gameplay design and add role-appropriate art; the generic fallback is not artwork approval."
"Planned perk","Steward (new-horizons:estates.steward)","config/newHorizonsPerks.json skills.new-horizons:estates.perks[id=new-horizons:estates.steward].effect.status=planned; client/windows/NewHorizonsPerkIcons.h unknown-ID fallback=NH_perk_neutral","Not done","Not done","Non-live planned entry; no effect/UI or perk-specific icon binding is established. When activated, implement from the gameplay design and add role-appropriate art; the generic fallback is not artwork approval."
"Planned perk","Investor (new-horizons:estates.investor)","config/newHorizonsPerks.json skills.new-horizons:estates.perks[id=new-horizons:estates.investor].effect.status=planned; client/windows/NewHorizonsPerkIcons.h unknown-ID fallback=NH_perk_neutral","Not done","Not done","Non-live planned entry; no effect/UI or perk-specific icon binding is established. When activated, implement from the gameplay design and add role-appropriate art; the generic fallback is not artwork approval."
"Planned perk","Resource Broker (new-horizons:estates.resourceBroker)","config/newHorizonsPerks.json skills.new-horizons:estates.perks[id=new-horizons:estates.resourceBroker].effect.status=planned; client/windows/NewHorizonsPerkIcons.h unknown-ID fallback=NH_perk_neutral","Not done","Not done","Non-live planned entry; no effect/UI or perk-specific icon binding is established. When activated, implement from the gameplay design and add role-appropriate art; the generic fallback is not artwork approval."
"Active perk","Estate Network (new-horizons:estates.estateNetwork)","config/newHorizonsPerks.json skills.new-horizons:estates.perks[id=new-horizons:estates.estateNetwork].effect.status=active; client/windows/NewHorizonsPerkIcons.h unknown-ID fallback=NH_perk_neutral","Provisional","Not done","UP-075 exact weekly grants and AI selection/resource receipt are native verified in29/29 focused cases. Generic fallback is not purpose-made artwork or visual approval; playable delivery remains pending."
"Planned perk","Financier (new-horizons:estates.financier)","config/newHorizonsPerks.json skills.new-horizons:estates.perks[id=new-horizons:estates.financier].effect.status=planned; client/windows/NewHorizonsPerkIcons.h unknown-ID fallback=NH_perk_neutral","Not done","Not done","Non-live planned entry; no effect/UI or perk-specific icon binding is established. When activated, implement from the gameplay design and add role-appropriate art; the generic fallback is not artwork approval."
"Planned perk","Magnate (new-horizons:estates.magnate)","config/newHorizonsPerks.json skills.new-horizons:estates.perks[id=new-horizons:estates.magnate].effect.status=planned; client/windows/NewHorizonsPerkIcons.h unknown-ID fallback=NH_perk_neutral","Not done","Not done","Non-live planned entry; no effect/UI or perk-specific icon binding is established. When activated, implement from the gameplay design and add role-appropriate art; the generic fallback is not artwork approval."
"Planned perk","Scholar (new-horizons:learning.scholar)","config/newHorizonsPerks.json skills.new-horizons:learning.perks[id=new-horizons:learning.scholar].effect.status=planned; client/windows/NewHorizonsPerkIcons.h unknown-ID fallback=NH_perk_neutral","Not done","Not done","Non-live planned entry; no effect/UI or perk-specific icon binding is established. When activated, implement from the gameplay design and add role-appropriate art; the generic fallback is not artwork approval."
"Planned perk","Eagle Eye (new-horizons:learning.eagleEye)","config/newHorizonsPerks.json skills.new-horizons:learning.perks[id=new-horizons:learning.eagleEye].effect.status=planned; client/windows/NewHorizonsPerkIcons.h unknown-ID fallback=NH_perk_neutral","Not done","Not done","Non-live planned entry; no effect/UI or perk-specific icon binding is established. When activated, implement from the gameplay design and add role-appropriate art; the generic fallback is not artwork approval."
"Planned perk","Historian (new-horizons:learning.historian)","config/newHorizonsPerks.json skills.new-horizons:learning.perks[id=new-horizons:learning.historian].effect.status=planned; client/windows/NewHorizonsPerkIcons.h unknown-ID fallback=NH_perk_neutral","Not done","Not done","Non-live planned entry; no effect/UI or perk-specific icon binding is established. When activated, implement from the gameplay design and add role-appropriate art; the generic fallback is not artwork approval."
"Active perk","Mentor (new-horizons:learning.mentor)","config/newHorizonsPerks.json skills.new-horizons:learning.perks[id=new-horizons:learning.mentor].effect.status=active; client/windows/NewHorizonsPerkIcons.h unknown-ID fallback=NH_perk_neutral","Provisional","Not done","UP-073 authoritative field/town meetings and AI selection are native verified in24/24 focused cases. Generic fallback enables perk interaction but is not purpose-made artwork or visual approval; playable delivery remains pending."
"Planned perk","Academic Study (new-horizons:learning.academicStudy)","config/newHorizonsPerks.json skills.new-horizons:learning.perks[id=new-horizons:learning.academicStudy].effect.status=planned; client/windows/NewHorizonsPerkIcons.h unknown-ID fallback=NH_perk_neutral","Not done","Not done","Non-live planned entry; no effect/UI or perk-specific icon binding is established. When activated, implement from the gameplay design and add role-appropriate art; the generic fallback is not artwork approval."
"Active perk","Quick Study (new-horizons:learning.quickStudy)","config/newHorizonsPerks.json skills.new-horizons:learning.perks[id=new-horizons:learning.quickStudy].effect.status=active; client/windows/NewHorizonsPerkIcons.h unknown-ID fallback=NH_perk_neutral","Provisional","Not done","UP-075 whole-offer reroll and primary/query/RNG parity are native verified in29/29 focused cases. Generic fallback is not purpose-made artwork or visual approval; playable delivery remains pending."
"Planned perk","Field Study (new-horizons:learning.fieldStudy)","config/newHorizonsPerks.json skills.new-horizons:learning.perks[id=new-horizons:learning.fieldStudy].effect.status=planned; client/windows/NewHorizonsPerkIcons.h unknown-ID fallback=NH_perk_neutral","Not done","Not done","Non-live planned entry; no effect/UI or perk-specific icon binding is established. When activated, implement from the gameplay design and add role-appropriate art; the generic fallback is not artwork approval."
"Planned perk","Archivist (new-horizons:learning.archivist)","config/newHorizonsPerks.json skills.new-horizons:learning.perks[id=new-horizons:learning.archivist].effect.status=planned; client/windows/NewHorizonsPerkIcons.h unknown-ID fallback=NH_perk_neutral","Not done","Not done","Non-live planned entry; no effect/UI or perk-specific icon binding is established. When activated, implement from the gameplay design and add role-appropriate art; the generic fallback is not artwork approval."
"Planned perk","Sage (new-horizons:learning.sage)","config/newHorizonsPerks.json skills.new-horizons:learning.perks[id=new-horizons:learning.sage].effect.status=planned; client/windows/NewHorizonsPerkIcons.h unknown-ID fallback=NH_perk_neutral","Not done","Not done","Non-live planned entry; no effect/UI or perk-specific icon binding is established. When activated, implement from the gameplay design and add role-appropriate art; the generic fallback is not artwork approval."
"Planned perk","Master Teacher (new-horizons:learning.masterTeacher)","config/newHorizonsPerks.json skills.new-horizons:learning.perks[id=new-horizons:learning.masterTeacher].effect.status=planned; client/windows/NewHorizonsPerkIcons.h unknown-ID fallback=NH_perk_neutral","Not done","Not done","Non-live planned entry; no effect/UI or perk-specific icon binding is established. When activated, implement from the gameplay design and add role-appropriate art; the generic fallback is not artwork approval."
"Planned perk","Opportunist (new-horizons:luck.opportunist)","config/newHorizonsPerks.json skills.new-horizons:luck.perks[id=new-horizons:luck.opportunist].effect.status=planned; client/windows/NewHorizonsPerkIcons.h unknown-ID fallback=NH_perk_neutral","Not done","Not done","Non-live planned entry; no effect/UI or perk-specific icon binding is established. When activated, implement from the gameplay design and add role-appropriate art; the generic fallback is not artwork approval."
"Active perk","Second Chance (new-horizons:luck.secondChance)","config/newHorizonsPerks.json skills.new-horizons:luck.perks[id=new-horizons:luck.secondChance].effect.status=active; client/windows/NewHorizonsPerkIcons.h unknown-ID fallback=NH_perk_neutral","Provisional","Not done","Battle-long first-negative-Luck suppression is source/native verified through replicated Luck state and detached branch prediction: UP084 focused14/14 passes including six new cases. Generic selection/help and combat feedback available. Purpose-made art is missing; neutral fallback is not artwork approval. Playable delivery pending."
"Active perk","Lucky Aim (new-horizons:luck.luckyAim)","config/newHorizonsPerks.json skills.new-horizons:luck.perks[id=new-horizons:luck.luckyAim].effect.status=active; client/windows/NewHorizonsPerkIcons.h unknown-ID fallback=NH_perk_neutral","Provisional","Not done","Positive Lucky physical ranged creature attack bypasses25% target Creature Defense; rank gating and detached AI calculation are source/native verified: UP082 focused8/8 passes (three new cases plus five regressions). Generic selection/help available; purpose-made art is missing. Neutral fallback is not artwork approval; playable delivery pending."
"Active perk","Fortune's Favor (new-horizons:luck.fortuneSFavor)","config/newHorizonsPerks.json skills.new-horizons:luck.perks[id=new-horizons:luck.fortuneSFavor].effect.status=active; client/windows/NewHorizonsPerkIcons.h unknown-ID fallback=NH_perk_neutral","Provisional","Not done","Derived positive Lucky Strike +0.25x bonus, legal selection/rank/reconstruction and detached AI expectation are source/native verified: UP080 focused4/4 passes (three new cases plus ordinary Luck-rank regression). Generic selection/help available. Purpose-made art is missing; neutral fallback is not artwork approval. Playable delivery pending."
"Planned perk","Serendipity (new-horizons:luck.serendipity)","config/newHorizonsPerks.json skills.new-horizons:luck.perks[id=new-horizons:luck.serendipity].effect.status=planned; client/windows/NewHorizonsPerkIcons.h unknown-ID fallback=NH_perk_neutral","Not done","Not done","Non-live planned entry; no effect/UI or perk-specific icon binding is established. When activated, implement from the gameplay design and add role-appropriate art; the generic fallback is not artwork approval."
"Planned perk","Lucky Recovery (new-horizons:luck.luckyRecovery)","config/newHorizonsPerks.json skills.new-horizons:luck.perks[id=new-horizons:luck.luckyRecovery].effect.status=planned; client/windows/NewHorizonsPerkIcons.h unknown-ID fallback=NH_perk_neutral","Not done","Not done","Non-live planned entry; no effect/UI or perk-specific icon binding is established. When activated, implement from the gameplay design and add role-appropriate art; the generic fallback is not artwork approval."
"Active perk","Gambler (new-horizons:luck.gambler)","config/newHorizonsPerks.json skills.new-horizons:luck.perks[id=new-horizons:luck.gambler].effect.status=active; client/windows/NewHorizonsPerkIcons.h unknown-ID fallback=NH_perk_neutral","Provisional","Not done","Shared first-attack Luck bonus and unit-attached failure penalty are source/native verified: both-target76677 and20/20 native39678 with zero skips. Generic selection/help and combat feedback available; purpose-made art is missing. Neutral fallback is not artwork approval. Stochastic penalty correlation remains Phase2; graphical acceptance and playable delivery pending."
"Planned perk","Chain of Fortune (new-horizons:luck.chainOfFortune)","config/newHorizonsPerks.json skills.new-horizons:luck.perks[id=new-horizons:luck.chainOfFortune].effect.status=planned; client/windows/NewHorizonsPerkIcons.h unknown-ID fallback=NH_perk_neutral","Not done","Not done","Non-live planned entry; no effect/UI or perk-specific icon binding is established. When activated, implement from the gameplay design and add role-appropriate art; the generic fallback is not artwork approval."
"Planned perk","Twist of Fate (new-horizons:luck.twistOfFate)","config/newHorizonsPerks.json skills.new-horizons:luck.perks[id=new-horizons:luck.twistOfFate].effect.status=planned; client/windows/NewHorizonsPerkIcons.h unknown-ID fallback=NH_perk_neutral","Not done","Not done","Non-live planned entry; no effect/UI or perk-specific icon binding is established. When activated, implement from the gameplay design and add role-appropriate art; the generic fallback is not artwork approval."
"Planned perk","Perfect Fortune (new-horizons:luck.perfectFortune)","config/newHorizonsPerks.json skills.new-horizons:luck.perks[id=new-horizons:luck.perfectFortune].effect.status=planned; client/windows/NewHorizonsPerkIcons.h unknown-ID fallback=NH_perk_neutral","Not done","Not done","Non-live planned entry; no effect/UI or perk-specific icon binding is established. When activated, implement from the gameplay design and add role-appropriate art; the generic fallback is not artwork approval."
"Planned perk","Sacred Command (new-horizons:divineMandate.sacredCommand)","config/newHorizonsPerks.json skills.new-horizons:divineMandate.perks[id=new-horizons:divineMandate.sacredCommand].effect.status=planned; client/windows/NewHorizonsPerkIcons.h unknown-ID fallback=NH_perk_neutral","Not done","Not done","Non-live planned entry; no effect/UI or perk-specific icon binding is established. When activated, implement from the gameplay design and add role-appropriate art; the generic fallback is not artwork approval."
"Planned perk","Consecrated Casting (new-horizons:divineMandate.consecratedCasting)","config/newHorizonsPerks.json skills.new-horizons:divineMandate.perks[id=new-horizons:divineMandate.consecratedCasting].effect.status=planned; client/windows/NewHorizonsPerkIcons.h unknown-ID fallback=NH_perk_neutral","Not done","Not done","Non-live planned entry; no effect/UI or perk-specific icon binding is established. When activated, implement from the gameplay design and add role-appropriate art; the generic fallback is not artwork approval."
"Planned perk","Shared Purpose (new-horizons:divineMandate.sharedPurpose)","config/newHorizonsPerks.json skills.new-horizons:divineMandate.perks[id=new-horizons:divineMandate.sharedPurpose].effect.status=planned; client/windows/NewHorizonsPerkIcons.h unknown-ID fallback=NH_perk_neutral","Not done","Not done","Non-live planned entry; no effect/UI or perk-specific icon binding is established. When activated, implement from the gameplay design and add role-appropriate art; the generic fallback is not artwork approval."
"Planned perk","Chaplain's Reserve (new-horizons:divineMandate.chaplainSReserve)","config/newHorizonsPerks.json skills.new-horizons:divineMandate.perks[id=new-horizons:divineMandate.chaplainSReserve].effect.status=planned; client/windows/NewHorizonsPerkIcons.h unknown-ID fallback=NH_perk_neutral","Not done","Not done","Non-live planned entry; no effect/UI or perk-specific icon binding is established. When activated, implement from the gameplay design and add role-appropriate art; the generic fallback is not artwork approval."
"Planned perk","Divine Discipline (new-horizons:divineMandate.divineDiscipline)","config/newHorizonsPerks.json skills.new-horizons:divineMandate.perks[id=new-horizons:divineMandate.divineDiscipline].effect.status=planned; client/windows/NewHorizonsPerkIcons.h unknown-ID fallback=NH_perk_neutral","Not done","Not done","Non-live planned entry; no effect/UI or perk-specific icon binding is established. When activated, implement from the gameplay design and add role-appropriate art; the generic fallback is not artwork approval."
"Planned perk","Purifying Mandate (new-horizons:divineMandate.purifyingMandate)","config/newHorizonsPerks.json skills.new-horizons:divineMandate.perks[id=new-horizons:divineMandate.purifyingMandate].effect.status=planned; client/windows/NewHorizonsPerkIcons.h unknown-ID fallback=NH_perk_neutral","Not done","Not done","Non-live planned entry; no effect/UI or perk-specific icon binding is established. When activated, implement from the gameplay design and add role-appropriate art; the generic fallback is not artwork approval."
"Planned perk","Knightly Sequence (new-horizons:divineMandate.knightlySequence)","config/newHorizonsPerks.json skills.new-horizons:divineMandate.perks[id=new-horizons:divineMandate.knightlySequence].effect.status=planned; client/windows/NewHorizonsPerkIcons.h unknown-ID fallback=NH_perk_neutral","Not done","Not done","Non-live planned entry; no effect/UI or perk-specific icon binding is established. When activated, implement from the gameplay design and add role-appropriate art; the generic fallback is not artwork approval."
"Planned perk","Royal Standard (new-horizons:divineMandate.royalStandard)","config/newHorizonsPerks.json skills.new-horizons:divineMandate.perks[id=new-horizons:divineMandate.royalStandard].effect.status=planned; client/windows/NewHorizonsPerkIcons.h unknown-ID fallback=NH_perk_neutral","Not done","Not done","Non-live planned entry; no effect/UI or perk-specific icon binding is established. When activated, implement from the gameplay design and add role-appropriate art; the generic fallback is not artwork approval."
"Planned perk","Mandate of Heaven (new-horizons:divineMandate.mandateOfHeaven)","config/newHorizonsPerks.json skills.new-horizons:divineMandate.perks[id=new-horizons:divineMandate.mandateOfHeaven].effect.status=planned; client/windows/NewHorizonsPerkIcons.h unknown-ID fallback=NH_perk_neutral","Not done","Not done","Non-live planned entry; no effect/UI or perk-specific icon binding is established. When activated, implement from the gameplay design and add role-appropriate art; the generic fallback is not artwork approval."
"Planned perk","Crown and Altar (new-horizons:divineMandate.crownAndAltar)","config/newHorizonsPerks.json skills.new-horizons:divineMandate.perks[id=new-horizons:divineMandate.crownAndAltar].effect.status=planned; client/windows/NewHorizonsPerkIcons.h unknown-ID fallback=NH_perk_neutral","Not done","Not done","Non-live planned entry; no effect/UI or perk-specific icon binding is established. When activated, implement from the gameplay design and add role-appropriate art; the generic fallback is not artwork approval."
"Planned perk","Veiled Movement (new-horizons:shroudOfMalassa.veiledMovement)","config/newHorizonsPerks.json skills.new-horizons:shroudOfMalassa.perks[id=new-horizons:shroudOfMalassa.veiledMovement].effect.status=planned; client/windows/NewHorizonsPerkIcons.h unknown-ID fallback=NH_perk_neutral","Not done","Not done","Non-live planned entry; no effect/UI or perk-specific icon binding is established. When activated, implement from the gameplay design and add role-appropriate art; the generic fallback is not artwork approval."
"Active perk","Backstab (new-horizons:shroudOfMalassa.backstab)","config/newHorizonsPerks.json skills.new-horizons:shroudOfMalassa.perks[id=new-horizons:shroudOfMalassa.backstab].effect.status=active; client/windows/NewHorizonsPerkIcons.h=NH_perk_backstab; Mods/new-horizons/Images/NH_perk_backstab_*.png","Provisional","Provisional","Purpose-made Heroes III-style Backstab art is bound at runtime; native in-game review and final approval remain outstanding."
"Planned perk","Ambusher (new-horizons:shroudOfMalassa.ambusher)","config/newHorizonsPerks.json skills.new-horizons:shroudOfMalassa.perks[id=new-horizons:shroudOfMalassa.ambusher].effect.status=planned; client/windows/NewHorizonsPerkIcons.h unknown-ID fallback=NH_perk_neutral","Not done","Not done","Non-live planned entry; no effect/UI or perk-specific icon binding is established. When activated, implement from the gameplay design and add role-appropriate art; the generic fallback is not artwork approval."
"Planned perk","Shadow Assault (new-horizons:shroudOfMalassa.shadowAssault)","config/newHorizonsPerks.json skills.new-horizons:shroudOfMalassa.perks[id=new-horizons:shroudOfMalassa.shadowAssault].effect.status=planned; client/windows/NewHorizonsPerkIcons.h unknown-ID fallback=NH_perk_neutral","Not done","Not done","Non-live planned entry; no effect/UI or perk-specific icon binding is established. When activated, implement from the gameplay design and add role-appropriate art; the generic fallback is not artwork approval."
"Planned perk","No Escape (new-horizons:shroudOfMalassa.noEscape)","config/newHorizonsPerks.json skills.new-horizons:shroudOfMalassa.perks[id=new-horizons:shroudOfMalassa.noEscape].effect.status=planned; client/windows/NewHorizonsPerkIcons.h unknown-ID fallback=NH_perk_neutral","Not done","Not done","Non-live planned entry; no effect/UI or perk-specific icon binding is established. When activated, implement from the gameplay design and add role-appropriate art; the generic fallback is not artwork approval."
"Planned perk","Evasive Shroud (new-horizons:shroudOfMalassa.evasiveShroud)","config/newHorizonsPerks.json skills.new-horizons:shroudOfMalassa.perks[id=new-horizons:shroudOfMalassa.evasiveShroud].effect.status=planned; client/windows/NewHorizonsPerkIcons.h unknown-ID fallback=NH_perk_neutral","Not done","Not done","Non-live planned entry; no effect/UI or perk-specific icon binding is established. When activated, implement from the gameplay design and add role-appropriate art; the generic fallback is not artwork approval."
"Planned perk","Deep Flank (new-horizons:shroudOfMalassa.deepFlank)","config/newHorizonsPerks.json skills.new-horizons:shroudOfMalassa.perks[id=new-horizons:shroudOfMalassa.deepFlank].effect.status=planned; client/windows/NewHorizonsPerkIcons.h unknown-ID fallback=NH_perk_neutral","Not done","Not done","Non-live planned entry; no effect/UI or perk-specific icon binding is established. When activated, implement from the gameplay design and add role-appropriate art; the generic fallback is not artwork approval."
"Planned perk","Night Prowler (new-horizons:shroudOfMalassa.nightProwler)","config/newHorizonsPerks.json skills.new-horizons:shroudOfMalassa.perks[id=new-horizons:shroudOfMalassa.nightProwler].effect.status=planned; client/windows/NewHorizonsPerkIcons.h unknown-ID fallback=NH_perk_neutral","Not done","Not done","Non-live planned entry; no effect/UI or perk-specific icon binding is established. When activated, implement from the gameplay design and add role-appropriate art; the generic fallback is not artwork approval."
"Planned perk","Encircled Doom (new-horizons:shroudOfMalassa.encircledDoom)","config/newHorizonsPerks.json skills.new-horizons:shroudOfMalassa.perks[id=new-horizons:shroudOfMalassa.encircledDoom].effect.status=planned; client/windows/NewHorizonsPerkIcons.h unknown-ID fallback=NH_perk_neutral","Not done","Not done","Non-live planned entry; no effect/UI or perk-specific icon binding is established. When activated, implement from the gameplay design and add role-appropriate art; the generic fallback is not artwork approval."
"Planned perk","Vanish (new-horizons:shroudOfMalassa.vanish)","config/newHorizonsPerks.json skills.new-horizons:shroudOfMalassa.perks[id=new-horizons:shroudOfMalassa.vanish].effect.status=planned; client/windows/NewHorizonsPerkIcons.h unknown-ID fallback=NH_perk_neutral","Not done","Not done","Non-live planned entry; no effect/UI or perk-specific icon binding is established. When activated, implement from the gameplay design and add role-appropriate art; the generic fallback is not artwork approval."
"Active perk","Master Gate (new-horizons:demonicGating.masterGate)","NH_perk_master_gate; client/windows/NewHorizonsPerkIcons.h; four-state descriptor NH_perk_master_gate.json","Provisional","Provisional","Purpose-made horned gate, master key, and still-ready sword art was created through the HoMM3 Art workflow and bound with four runtime states; source, exact prompt, reductions, hashes, and comparison sheet are retained under master-gate-v1. Native runtime/playable verification and final visual approval remain pending."
"Planned perk","Corpse Preservation (new-horizons:necromancy.corpsePreservation)","config/newHorizonsPerks.json skills.new-horizons:necromancy.perks[id=new-horizons:necromancy.corpsePreservation].effect.status=planned; client/windows/NewHorizonsPerkIcons.h unknown-ID fallback=NH_perk_neutral","Not done","Not done","Non-live planned entry; no effect/UI or perk-specific icon binding is established. When activated, implement from the gameplay design and add role-appropriate art; the generic fallback is not artwork approval."
"Planned perk","Soul Harvester (new-horizons:necromancy.soulHarvester)","config/newHorizonsPerks.json skills.new-horizons:necromancy.perks[id=new-horizons:necromancy.soulHarvester].effect.status=planned; client/windows/NewHorizonsPerkIcons.h unknown-ID fallback=NH_perk_neutral","Not done","Not done","Non-live planned entry; no effect/UI or perk-specific icon binding is established. When activated, implement from the gameplay design and add role-appropriate art; the generic fallback is not artwork approval."
"Planned perk","Death Lord (new-horizons:necromancy.deathLord)","config/newHorizonsPerks.json skills.new-horizons:necromancy.perks[id=new-horizons:necromancy.deathLord].effect.status=planned; client/windows/NewHorizonsPerkIcons.h unknown-ID fallback=NH_perk_neutral","Not done","Not done","Non-live planned entry; no effect/UI or perk-specific icon binding is established. When activated, implement from the gameplay design and add role-appropriate art; the generic fallback is not artwork approval."
"Planned perk","Grave Knowledge (new-horizons:necromancy.graveKnowledge)","config/newHorizonsPerks.json skills.new-horizons:necromancy.perks[id=new-horizons:necromancy.graveKnowledge].effect.status=planned; client/windows/NewHorizonsPerkIcons.h unknown-ID fallback=NH_perk_neutral","Not done","Not done","Non-live planned entry; no effect/UI or perk-specific icon binding is established. When activated, implement from the gameplay design and add role-appropriate art; the generic fallback is not artwork approval."
"Planned perk","Ossuary (new-horizons:necromancy.ossuary)","config/newHorizonsPerks.json skills.new-horizons:necromancy.perks[id=new-horizons:necromancy.ossuary].effect.status=planned; client/windows/NewHorizonsPerkIcons.h unknown-ID fallback=NH_perk_neutral","Not done","Not done","Non-live planned entry; no effect/UI or perk-specific icon binding is established. When activated, implement from the gameplay design and add role-appropriate art; the generic fallback is not artwork approval."
"Planned perk","Master of Bones (new-horizons:necromancy.masterOfBones)","config/newHorizonsPerks.json skills.new-horizons:necromancy.perks[id=new-horizons:necromancy.masterOfBones].effect.status=planned; client/windows/NewHorizonsPerkIcons.h unknown-ID fallback=NH_perk_neutral","Not done","Not done","Non-live planned entry; no effect/UI or perk-specific icon binding is established. When activated, implement from the gameplay design and add role-appropriate art; the generic fallback is not artwork approval."
"Planned perk","Lord of the Dead (new-horizons:necromancy.lordOfTheDead)","config/newHorizonsPerks.json skills.new-horizons:necromancy.perks[id=new-horizons:necromancy.lordOfTheDead].effect.status=planned; client/windows/NewHorizonsPerkIcons.h unknown-ID fallback=NH_perk_neutral","Not done","Not done","Non-live planned entry; no effect/UI or perk-specific icon binding is established. When activated, implement from the gameplay design and add role-appropriate art; the generic fallback is not artwork approval."
"Planned perk","First Blood (new-horizons:bloodrage.firstBlood)","config/newHorizonsPerks.json skills.new-horizons:bloodrage.perks[id=new-horizons:bloodrage.firstBlood].effect.status=planned; client/windows/NewHorizonsPerkIcons.h unknown-ID fallback=NH_perk_neutral","Not done","Not done","Non-live planned entry; no effect/UI or perk-specific icon binding is established. When activated, implement from the gameplay design and add role-appropriate art; the generic fallback is not artwork approval."
"Planned perk","Blood Scent (new-horizons:bloodrage.bloodScent)","config/newHorizonsPerks.json skills.new-horizons:bloodrage.perks[id=new-horizons:bloodrage.bloodScent].effect.status=planned; client/windows/NewHorizonsPerkIcons.h unknown-ID fallback=NH_perk_neutral","Not done","Not done","Non-live planned entry; no effect/UI or perk-specific icon binding is established. When activated, implement from the gameplay design and add role-appropriate art; the generic fallback is not artwork approval."
"Planned perk","Rage Through Pain (new-horizons:bloodrage.rageThroughPain)","config/newHorizonsPerks.json skills.new-horizons:bloodrage.perks[id=new-horizons:bloodrage.rageThroughPain].effect.status=planned; client/windows/NewHorizonsPerkIcons.h unknown-ID fallback=NH_perk_neutral","Not done","Not done","Non-live planned entry; no effect/UI or perk-specific icon binding is established. When activated, implement from the gameplay design and add role-appropriate art; the generic fallback is not artwork approval."
"Planned perk","Slayer (new-horizons:bloodrage.slayer)","config/newHorizonsPerks.json skills.new-horizons:bloodrage.perks[id=new-horizons:bloodrage.slayer].effect.status=planned; client/windows/NewHorizonsPerkIcons.h unknown-ID fallback=NH_perk_neutral","Not done","Not done","Non-live planned entry; no effect/UI or perk-specific icon binding is established. When activated, implement from the gameplay design and add role-appropriate art; the generic fallback is not artwork approval."
"Planned perk","Unrelenting (new-horizons:bloodrage.unrelenting)","config/newHorizonsPerks.json skills.new-horizons:bloodrage.perks[id=new-horizons:bloodrage.unrelenting].effect.status=planned; client/windows/NewHorizonsPerkIcons.h unknown-ID fallback=NH_perk_neutral","Not done","Not done","Non-live planned entry; no effect/UI or perk-specific icon binding is established. When activated, implement from the gameplay design and add role-appropriate art; the generic fallback is not artwork approval."
"Planned perk","Berserker (new-horizons:bloodrage.berserker)","config/newHorizonsPerks.json skills.new-horizons:bloodrage.perks[id=new-horizons:bloodrage.berserker].effect.status=planned; client/windows/NewHorizonsPerkIcons.h unknown-ID fallback=NH_perk_neutral","Not done","Not done","Non-live planned entry; no effect/UI or perk-specific icon binding is established. When activated, implement from the gameplay design and add role-appropriate art; the generic fallback is not artwork approval."
"Planned perk","Fury Unbound (new-horizons:bloodrage.furyUnbound)","config/newHorizonsPerks.json skills.new-horizons:bloodrage.perks[id=new-horizons:bloodrage.furyUnbound].effect.status=planned; client/windows/NewHorizonsPerkIcons.h unknown-ID fallback=NH_perk_neutral","Not done","Not done","Non-live planned entry; no effect/UI or perk-specific icon binding is established. When activated, implement from the gameplay design and add role-appropriate art; the generic fallback is not artwork approval."
"Planned perk","Avatar of Rage (new-horizons:bloodrage.avatarOfRage)","config/newHorizonsPerks.json skills.new-horizons:bloodrage.perks[id=new-horizons:bloodrage.avatarOfRage].effect.status=planned; client/windows/NewHorizonsPerkIcons.h unknown-ID fallback=NH_perk_neutral","Not done","Not done","Non-live planned entry; no effect/UI or perk-specific icon binding is established. When activated, implement from the gameplay design and add role-appropriate art; the generic fallback is not artwork approval."
"Planned perk","Endless Bloodshed (new-horizons:bloodrage.endlessBloodshed)","config/newHorizonsPerks.json skills.new-horizons:bloodrage.perks[id=new-horizons:bloodrage.endlessBloodshed].effect.status=planned; client/windows/NewHorizonsPerkIcons.h unknown-ID fallback=NH_perk_neutral","Not done","Not done","Non-live planned entry; no effect/UI or perk-specific icon binding is established. When activated, implement from the gameplay design and add role-appropriate art; the generic fallback is not artwork approval."
"Active perk","Mireborn (new-horizons:bulwarkOfTheMire.mireborn)","config/newHorizonsPerks.json skills.new-horizons:bulwarkOfTheMire.perks[id=new-horizons:bulwarkOfTheMire.mireborn].effect.status=active; client/windows/NewHorizonsPerkIcons.h unknown-ID fallback=NH_perk_neutral","Provisional","Not done","Source perk is active with 53/53 Bulwark native regressions; neutral fallback is not purpose-made perk art, and rendered/playable acceptance remains pending."
"Active perk","Thick Hide (new-horizons:bulwarkOfTheMire.thickHide)","config/newHorizonsPerks.json skills.new-horizons:bulwarkOfTheMire.perks[id=new-horizons:bulwarkOfTheMire.thickHide].effect.status=active; client/windows/NewHorizonsPerkIcons.h unknown-ID fallback=NH_perk_neutral","Provisional","Not done","Source perk is active with 53/53 Bulwark native regressions; neutral fallback is not purpose-made perk art, and rendered/playable acceptance remains pending."
"Active perk","Bog Ambush (new-horizons:bulwarkOfTheMire.bogAmbush)","config/newHorizonsPerks.json skills.new-horizons:bulwarkOfTheMire.perks[id=new-horizons:bulwarkOfTheMire.bogAmbush].effect.status=active; client/windows/NewHorizonsPerkIcons.h unknown-ID fallback=NH_perk_neutral","Provisional","Not done","Source perk is active with 53/53 Bulwark native regressions; neutral fallback is not purpose-made perk art, and rendered/playable acceptance remains pending."
"Active perk","Toxic Spines (new-horizons:bulwarkOfTheMire.toxicSpines)","config/newHorizonsPerks.json skills.new-horizons:bulwarkOfTheMire.perks[id=new-horizons:bulwarkOfTheMire.toxicSpines].effect.status=active; client/windows/NewHorizonsPerkIcons.h unknown-ID fallback=NH_perk_neutral","Provisional","Not done","Source perk is active with 53/53 Bulwark native regressions; neutral fallback is not purpose-made perk art, and rendered/playable acceptance remains pending."
"Planned perk","Deep Bulwark (new-horizons:bulwarkOfTheMire.deepBulwark)","config/newHorizonsPerks.json skills.new-horizons:bulwarkOfTheMire.perks[id=new-horizons:bulwarkOfTheMire.deepBulwark].effect.status=planned; client/windows/NewHorizonsPerkIcons.h unknown-ID fallback=NH_perk_neutral","Not done","Not done","Non-live planned entry; no effect/UI or perk-specific icon binding is established. When activated, implement from the gameplay design and add role-appropriate art; the generic fallback is not artwork approval."
"Active perk","Swamp Renewal (new-horizons:bulwarkOfTheMire.swampRenewal)","config/newHorizonsPerks.json skills.new-horizons:bulwarkOfTheMire.perks[id=new-horizons:bulwarkOfTheMire.swampRenewal].effect.status=active; client/windows/NewHorizonsPerkIcons.h unknown-ID fallback=NH_perk_neutral","Provisional","Not done","Source perk is active with 53/53 Bulwark native regressions; neutral fallback is not purpose-made perk art, and rendered/playable acceptance remains pending."
"Active perk","Mire Grip (new-horizons:bulwarkOfTheMire.mireGrip)","config/newHorizonsPerks.json skills.new-horizons:bulwarkOfTheMire.perks[id=new-horizons:bulwarkOfTheMire.mireGrip].effect.status=active; client/windows/NewHorizonsPerkIcons.h unknown-ID fallback=NH_perk_neutral","Provisional","Not done","Source perk is active with 53/53 Bulwark native regressions; neutral fallback is not purpose-made perk art, and rendered/playable acceptance remains pending."
"Active perk","Shared Cover (new-horizons:bulwarkOfTheMire.sharedCover)","config/newHorizonsPerks.json skills.new-horizons:bulwarkOfTheMire.perks[id=new-horizons:bulwarkOfTheMire.sharedCover].effect.status=active; client/windows/NewHorizonsPerkIcons.h unknown-ID fallback=NH_perk_neutral","Provisional","Not done","Source perk is active with 53/53 Bulwark native regressions; neutral fallback is not purpose-made perk art, and rendered/playable acceptance remains pending."
"Active perk","Immovable (new-horizons:bulwarkOfTheMire.immovable)","config/newHorizonsPerks.json skills.new-horizons:bulwarkOfTheMire.perks[id=new-horizons:bulwarkOfTheMire.immovable].effect.status=active; client/windows/NewHorizonsPerkIcons.h unknown-ID fallback=NH_perk_neutral","Provisional","Not done","Source perk is active with 53/53 Bulwark native regressions; neutral fallback is not purpose-made perk art, and rendered/playable acceptance remains pending."
"Active perk","Vengeful Mire (new-horizons:bulwarkOfTheMire.vengefulMire)","config/newHorizonsPerks.json skills.new-horizons:bulwarkOfTheMire.perks[id=new-horizons:bulwarkOfTheMire.vengefulMire].effect.status=active; client/windows/NewHorizonsPerkIcons.h unknown-ID fallback=NH_perk_neutral","Provisional","Not done","Source perk is active with 53/53 Bulwark native regressions; neutral fallback is not purpose-made perk art, and rendered/playable acceptance remains pending."
"Planned perk","Elemental Attunement (new-horizons:elementalRebirth.elementalAttunement)","config/newHorizonsPerks.json skills.new-horizons:elementalRebirth.perks[id=new-horizons:elementalRebirth.elementalAttunement].effect.status=planned; client/windows/NewHorizonsPerkIcons.h unknown-ID fallback=NH_perk_neutral","Not done","Not done","Non-live planned entry; no effect/UI or perk-specific icon binding is established. When activated, implement from the gameplay design and add role-appropriate art; the generic fallback is not artwork approval."
"Planned perk","Swift Rebirth (new-horizons:elementalRebirth.swiftRebirth)","config/newHorizonsPerks.json skills.new-horizons:elementalRebirth.perks[id=new-horizons:elementalRebirth.swiftRebirth].effect.status=planned; client/windows/NewHorizonsPerkIcons.h unknown-ID fallback=NH_perk_neutral","Not done","Not done","Non-live planned entry; no effect/UI or perk-specific icon binding is established. When activated, implement from the gameplay design and add role-appropriate art; the generic fallback is not artwork approval."
"Planned perk","Elemental Memory (new-horizons:elementalRebirth.elementalMemory)","config/newHorizonsPerks.json skills.new-horizons:elementalRebirth.perks[id=new-horizons:elementalRebirth.elementalMemory].effect.status=planned; client/windows/NewHorizonsPerkIcons.h unknown-ID fallback=NH_perk_neutral","Not done","Not done","Non-live planned entry; no effect/UI or perk-specific icon binding is established. When activated, implement from the gameplay design and add role-appropriate art; the generic fallback is not artwork approval."
"Planned perk","Primal Burst (new-horizons:elementalRebirth.primalBurst)","config/newHorizonsPerks.json skills.new-horizons:elementalRebirth.perks[id=new-horizons:elementalRebirth.primalBurst].effect.status=planned; client/windows/NewHorizonsPerkIcons.h unknown-ID fallback=NH_perk_neutral","Not done","Not done","Non-live planned entry; no effect/UI or perk-specific icon binding is established. When activated, implement from the gameplay design and add role-appropriate art; the generic fallback is not artwork approval."
"Planned perk","Greater Essence (new-horizons:elementalRebirth.greaterEssence)","config/newHorizonsPerks.json skills.new-horizons:elementalRebirth.perks[id=new-horizons:elementalRebirth.greaterEssence].effect.status=planned; client/windows/NewHorizonsPerkIcons.h unknown-ID fallback=NH_perk_neutral","Not done","Not done","Non-live planned entry; no effect/UI or perk-specific icon binding is established. When activated, implement from the gameplay design and add role-appropriate art; the generic fallback is not artwork approval."
"Planned perk","Elemental Ward (new-horizons:elementalRebirth.elementalWard)","config/newHorizonsPerks.json skills.new-horizons:elementalRebirth.perks[id=new-horizons:elementalRebirth.elementalWard].effect.status=planned; client/windows/NewHorizonsPerkIcons.h unknown-ID fallback=NH_perk_neutral","Not done","Not done","Non-live planned entry; no effect/UI or perk-specific icon binding is established. When activated, implement from the gameplay design and add role-appropriate art; the generic fallback is not artwork approval."
"Planned perk","Adaptive Element (new-horizons:elementalRebirth.adaptiveElement)","config/newHorizonsPerks.json skills.new-horizons:elementalRebirth.perks[id=new-horizons:elementalRebirth.adaptiveElement].effect.status=planned; client/windows/NewHorizonsPerkIcons.h unknown-ID fallback=NH_perk_neutral","Not done","Not done","Non-live planned entry; no effect/UI or perk-specific icon binding is established. When activated, implement from the gameplay design and add role-appropriate art; the generic fallback is not artwork approval."
"Planned perk","Rebirth Chain (new-horizons:elementalRebirth.rebirthChain)","config/newHorizonsPerks.json skills.new-horizons:elementalRebirth.perks[id=new-horizons:elementalRebirth.rebirthChain].effect.status=planned; client/windows/NewHorizonsPerkIcons.h unknown-ID fallback=NH_perk_neutral","Not done","Not done","Non-live planned entry; no effect/UI or perk-specific icon binding is established. When activated, implement from the gameplay design and add role-appropriate art; the generic fallback is not artwork approval."
"Planned perk","Perfect Convergence (new-horizons:elementalRebirth.perfectConvergence)","config/newHorizonsPerks.json skills.new-horizons:elementalRebirth.perks[id=new-horizons:elementalRebirth.perfectConvergence].effect.status=planned; client/windows/NewHorizonsPerkIcons.h unknown-ID fallback=NH_perk_neutral","Not done","Not done","Non-live planned entry; no effect/UI or perk-specific icon binding is established. When activated, implement from the gameplay design and add role-appropriate art; the generic fallback is not artwork approval."
"Planned perk","Phoenix Spark (new-horizons:elementalRebirth.phoenixSpark)","config/newHorizonsPerks.json skills.new-horizons:elementalRebirth.perks[id=new-horizons:elementalRebirth.phoenixSpark].effect.status=planned; client/windows/NewHorizonsPerkIcons.h unknown-ID fallback=NH_perk_neutral","Not done","Not done","Non-live planned entry; no effect/UI or perk-specific icon binding is established. When activated, implement from the gameplay design and add role-appropriate art; the generic fallback is not artwork approval."
"Neutral Adventure spell","Summon Boat (core:summonBoat)","Mods/new-horizons/mod.json settings.magic.newHorizons.adventureSpells.core:summonBoat; config/spells/adventure.json (inherited core spell index and icon slots)","Provisional","Final","Fixed-guild-level Neutral Adventure Spell is live in the current roster and retains its exact matching original spell identity/art under the authorized original-art reuse policy. Verify guild/book presentation and once-per-day path in GUI; no asset copy is made."
"Neutral Adventure spell","Water Walk (core:waterWalk)","Mods/new-horizons/mod.json settings.magic.newHorizons.adventureSpells.core:waterWalk; config/spells/adventure.json (inherited core spell index and icon slots)","Provisional","Final","Fixed-guild-level Neutral Adventure Spell is live in the current roster and retains its exact matching original spell identity/art under the authorized original-art reuse policy. Verify guild/book presentation and once-per-day path in GUI; no asset copy is made."
"Neutral Adventure spell","Town Portal (core:townPortal)","Mods/new-horizons/mod.json settings.magic.newHorizons.adventureSpells.core:townPortal; config/spells/adventure.json (inherited core spell index and icon slots)","Provisional","Final","Fixed-guild-level Neutral Adventure Spell is live in the current roster and retains its exact matching original spell identity/art under the authorized original-art reuse policy. Verify guild/book presentation and once-per-day path in GUI; no asset copy is made."
"Neutral Adventure spell","Fly (core:fly)","Mods/new-horizons/mod.json settings.magic.newHorizons.adventureSpells.core:fly; config/spells/adventure.json (inherited core spell index and icon slots)","Provisional","Final","Fixed-guild-level Neutral Adventure Spell is live in the current roster and retains its exact matching original spell identity/art under the authorized original-art reuse policy. Verify guild/book presentation and once-per-day path in GUI; no asset copy is made."
"Neutral Adventure spell","Dimension Door (core:dimensionDoor)","Mods/new-horizons/mod.json settings.magic.newHorizons.adventureSpells.core:dimensionDoor; config/spells/adventure.json (inherited core spell index and icon slots)","Provisional","Final","Fixed-guild-level Neutral Adventure Spell is live in the current roster and retains its exact matching original spell identity/art under the authorized original-art reuse policy. Verify guild/book presentation and once-per-day path in GUI; no asset copy is made."
"UI surface","Level-up skill/perk choice","client/windows/HeroGrowthWindow.cpp; client/windows/NewHorizonsPerkIcons.h; config/newHorizonsPerks.json","Provisional","Provisional","Current source renders skill and perk offer choices with rank/perk icon bindings. Review full offer states, text, rank identity, and all art in the native dialog; no rendered acceptance record."
"UI surface","Hero skill-odds pane","client/windows/HeroSkillOddsWindow.cpp; client/windows/CHeroWindow.cpp; skill icon frames from Mods/new-horizons/mod.json","Provisional","Provisional","Current source builds a class skill odds card grid and reuses each skill's Basic rank icon. The heading control now renders a transparent gold circled serif i beside the measured heading width; native compilation passes. Review rendered placement, click/tooltip behavior, all faction/custom identities, odds text and compact layout in GUI."
"UI component","Skill-probability information mark","client/windows/CHeroWindow.cpp HeroSkillOddsInfoMark; code-drawn over NH_hero_growth_entry.json; no raster master/export","Provisional","Provisional","Transparent gold circled serif i is drawn in code over the four-state skill-odds entry button. Static layout guards do not establish visual or input acceptance; verify centering, contrast, scaling, click area and tooltip behavior in the native hero screen."
"UI surface","Perk help parent-skill icon","client/windows/NewHorizonsPerkHelp.h; client/windows/HeroGrowthWindow.cpp; client/windows/CHeroWindow.cpp","Not done","Not done","Current help formats owning Skill and tier as text; no separate parent-skill icon is emitted by the help surface. Decide/bind an icon and verify context-menu presentation."
"UI surface","Creature Speed/Initiative/Leadership and stack capacity","client/windows/CCreatureWindow.cpp (MainSection; iconInitiative; NH_creature_leadership_20; NH_creature_rank_20)","Provisional","Provisional","Source includes separate Speed and Initiative rows, Leadership requirement and per-stack count/capacity, and a horizontal Rank row. HoMM3-skill yellow crown and stair-step masters/exports are retained in creature-stat-glyphs-v1. Review labels, distinct icons, overflow and non-owner cases in GUI."
"UI surface","Orders selection, background and read-only tooltips","client/battle/BattleHeroActionWindow.cpp; client/battle/BattleWindow.cpp; newHorizonsOrdersBackground.png; Orders bindings in mod.json","Provisional","Provisional","Separate Orders chooser and current read-only action/Orders tooltips are source-bound. Review selection, cancellation, background text contrast, disabled states and action-cost explanation in GUI."
"UI surface","Hero active effects and typed Hero/Spell/Order action panel","client/battle/HeroInfoWindow.cpp; client/battle/BattleHeroActionWindow.cpp; client/battle/UnitActionPanel.cpp","Provisional","Provisional","User rejected cramped untextured counter box. Revised source reuses DIBOXBCK leather with red inset/gold edging, a padded Actions heading and separately right-aligned counters; status rows share framing and retain detailed expiry tooltips. Compilation/source checks are not rendered acceptance; verify scaling, short-screen placement and state changes before approval."
"UI surface","New Horizons battle log","client/battle/BattleInterface.cpp::displayBattleLog/appendBattleLog; source event MetaStrings","Provisional","Provisional","Current native log path accepts formatted game events. No NH-specific log art is registered; review wording, visibility and clipping during supported combat flows."
"UI surface","Demonic Reserve and Gate indicators","client/windows/CHeroWindow.cpp; client/battle/UnitActionPanel.cpp; client/battle/BattleFieldController.cpp; NH_demonicGating_* assets","Provisional","Provisional","Hero reserve control, combat selection and reserved-hex flame are source-bound. Review the three states together, category eligibility and distinct reserve/gate cues in GUI."
"UI surface","Main six-school spellbook","client/windows/CSpellWindow.cpp; lib/spells/SpellSchoolHandler.cpp; Mods/new-horizons/mod.json","Provisional","Provisional","Current main book uses six custom tab/header/border bindings and school spell icons. Review All/school filters, selected state, compact 68x51 bookmarks, page changes, spell reachability and mastery frames; only bookmark art is user-final."
"Non-live/legacy","Post-Expert mastery and old Artillery mastery UI","docs/NH_VERSION_1_0_SCOPE.md; older mastery/artillery source/config is not counted as live NH 1.0 UI","Not done","Not done","Explicitly outside New Horizons 1.0 active UI scope: old post-Expert mastery is superseded; Siege is a rating, not a spendable Artillery resource. Do not infer live completion from retained historical code or files."
"Town building","Castle Mage Guild V artwork","assets/new-horizons/Mage Guilds/castle-mage-guild-level5.zip; Mods/new-horizons/Content/sprites/HALLCSTL.json; universalMageGuilds.json","Provisional","Provisional","Owner-supplied Castle V frames, masks and 150x70 hall card are source-bound. Focused asset tests pass, and committed snapshot e2bd99692994bab59ae36553ff23b9f2de73c3c2b1c958582bd3b631a24aee95 was promoted. Runtime visual approval of animation and placement remains pending (UP-013)."
"Town building","Stronghold Mage Guild IV artwork","assets/new-horizons/Mage Guilds/stronghold-mage-guild-ridge-swap.zip; Mods/new-horizons/Content/sprites/HALLSTRN.json; universalMageGuilds.json","Provisional","Provisional","Owner-supplied Stronghold IV ridge-swap frames and 150x70 hall card are source-bound. Preserve the Mage Guild/Valhalla ridge exchange. Runtime animation/placement and visual approval remain pending (UP-013)."
"Town building","Stronghold Mage Guild V artwork","assets/new-horizons/Mage Guilds/stronghold-mage-guild-ridge-swap.zip; Mods/new-horizons/Content/sprites/HALLSTRN.json; universalMageGuilds.json","Provisional","Provisional","Owner-supplied Stronghold V ridge-swap frames and 150x70 hall card are source-bound. Preserve the Mage Guild/Valhalla ridge exchange. Runtime animation/placement and visual approval remain pending (UP-013)."
"Town building","Fortress Mage Guild IV artwork","assets/new-horizons/Mage Guilds/fortress-mage-guild-v8.zip; Mods/new-horizons/Content/sprites/HALLFORT.json; universalMageGuilds.json","Provisional","Provisional","Owner-supplied synchronized-flame Fortress IV frames and 150x70 hall card are source-bound. Focused asset tests pass. Runtime animation/placement and visual approval remain pending (UP-013)."
"Town building","Fortress Mage Guild V artwork","assets/new-horizons/Mage Guilds/fortress-mage-guild-v8.zip; Mods/new-horizons/Content/sprites/HALLFORT.json; universalMageGuilds.json","Provisional","Provisional","Owner-supplied synchronized-flame Fortress V frames and 150x70 hall card are source-bound. Focused asset tests pass. Runtime animation/placement and visual approval remain pending (UP-013)."
